Ticker,Date,Open,Close,Volume
AAPL,2020-01-02,71.62709199861638,72.62084197998047,135480400
AAPL,2020-01-03,71.84712526182395,71.91482543945312,146322800
AAPL,2020-01-06,71.03471685901826,72.48785400390625,118387200
AAPL,2020-01-07,72.49752175701711,72.14693450927734,108872000
AAPL,2020-01-08,71.84954036585081,73.3075180053711,132079200
AAPL,2020-01-09,74.28676381243083,74.86463928222656,170108400
AAPL,2020-01-10,75.09916182683553,75.03387451171875,140644800
AAPL,2020-01-13,75.3506140079616,76.63691711425781,121532000
AAPL,2020-01-14,76.57404817184627,75.60205841064453,161954400
AAPL,2020-01-15,75.40139008732662,75.278076171875,121923600
AAPL,2020-01-16,75.82209877195635,76.2210464477539,108829200
AAPL,2020-01-17,76.47009335198214,77.06489562988281,137816400
AAPL,2020-01-21,76.69253240808335,76.5426254272461,110843200
AAPL,2020-01-22,77.02863128965336,76.81586456298828,101832400
AAPL,2020-01-23,76.86905012564355,77.185791015625,104472000
AAPL,2020-01-24,77.43241654524255,76.96334838867188,146537600
AAPL,2020-01-27,74.96858335214901,74.70020294189453,161940000
AAPL,2020-01-28,75.5827189340282,76.81341552734375,162234000
AAPL,2020-01-29,78.44791850299463,78.42131805419922,216229200
AAPL,2020-01-30,77.50252193635508,78.30767059326172,126743200
AAPL,2020-01-31,77.59680118060827,74.8355941772461,199588400
AAPL,2020-02-03,73.57590710330668,74.6301040649414,173788400
AAPL,2020-02-04,76.23798834153754,77.09391784667969,136616400
AAPL,2020-02-05,78.22303598481203,77.72254180908203,118826800
AAPL,2020-02-06,77.99334570709586,78.63166046142578,105425600
AAPL,2020-02-07,78.12998293153962,77.56285858154297,117684000
AAPL,2020-02-10,76.14504296724274,77.93124389648438,109348800
AAPL,2020-02-11,78.42807806299739,77.46105194091797,94323200
AAPL,2020-02-12,77.91187311697357,79.30060577392578,113730400
AAPL,2020-02-13,78.57107415792922,78.73587799072266,94747600
AAPL,2020-02-14,78.70438598515923,78.75528717041016,80113600
AAPL,2020-02-18,76.43101136685644,77.3132095336914,152531200
AAPL,2020-02-19,77.55557609214306,78.43292236328125,93984000
AAPL,2020-02-20,78.19298631382561,77.62828063964844,100566000
AAPL,2020-02-21,77.22111592621015,75.87116241455078,129554000
AAPL,2020-02-24,72.04429714392029,72.26726531982422,222195200
AAPL,2020-02-25,72.93860713253768,69.81941223144531,230673600
AAPL,2020-02-26,69.44376756876824,70.92701721191406,198054800
AAPL,2020-02-27,68.12774407264509,66.29064178466797,320605600
AAPL,2020-02-28,62.34983736802518,66.25184631347656,426510000
AAPL,2020-03-02,68.41372910419624,72.41996002197266,341397200
AAPL,2020-03-03,73.59784230488941,70.11995697021484,319475600
AAPL,2020-03-04,71.84555625982283,73.37242889404297,219178400
AAPL,2020-03-05,71.62258011074542,70.99244689941406,187572800
AAPL,2020-03-06,68.34584584309786,70.04964447021484,226176800
AAPL,2020-03-09,63.92278272470353,64.5093002319336,286744800
AAPL,2020-03-10,67.16800698250573,69.15536499023438,285290000
AAPL,2020-03-11,67.22858865883606,66.75355529785156,255598800
AAPL,2020-03-12,62.02992621470894,60.161319732666016,418474000
AAPL,2020-03-13,64.19905949793468,67.369140625,370732000
AAPL,2020-03-16,58.63929618574619,58.70231246948242,322423600
AAPL,2020-03-17,59.98682469346223,61.2834587097168,324056000
AAPL,2020-03-18,58.1109503450228,59.783241271972656,300233600
AAPL,2020-03-19,59.95773528488038,59.325172424316406,271857200
AAPL,2020-03-20,59.906840554892725,55.55888366699219,401693200
AAPL,2020-03-23,55.27773593660342,54.37857437133789,336752800
AAPL,2020-03-24,57.28448868306697,59.834129333496094,287531200
AAPL,2020-03-25,60.772072300693104,59.50452423095703,303602000
AAPL,2020-03-26,59.74688482814629,62.63582992553711,252087200
AAPL,2020-03-27,61.256800443757655,60.042572021484375,204216800
AAPL,2020-03-30,60.76964205543981,61.75605010986328,167976400
AAPL,2020-03-31,61.94752404866054,61.630027770996094,197002000
AAPL,2020-04-01,59.74203576856197,58.387237548828125,176218400
AAPL,2020-04-02,58.2490894772747,59.36152648925781,165934000
AAPL,2020-04-03,58.845297125214294,58.50841522216797,129880000
AAPL,2020-04-06,60.80842048337832,63.61254119873047,201820400
AAPL,2020-04-07,65.63140455674476,62.87575912475586,202887200
AAPL,2020-04-08,63.67801711674822,64.4850845336914,168895200
AAPL,2020-04-09,65.12245255308986,64.95037078857422,161834800
AAPL,2020-04-13,65.02791695493936,66.22518157958984,131022800
AAPL,2020-04-14,67.86112752488982,69.56977081298828,194994800
AAPL,2020-04-15,68.44279864460466,68.9347915649414,131154400
AAPL,2020-04-16,69.64975084803966,69.4825210571289,157125200
AAPL,2020-04-17,68.99780003465911,68.53973388671875,215250000
AAPL,2020-04-20,67.36431680144536,67.11710357666016,130015200
AAPL,2020-04-21,66.95955078291355,65.04247283935547,180991600
AAPL,2020-04-22,66.31244725801642,66.91593170166016,116862400
AAPL,2020-04-23,66.86017582115733,66.6565933227539,124814400
AAPL,2020-04-24,67.18254138642631,68.58096313476562,126161200
AAPL,2020-04-27,68.29739158061335,68.62943267822266,117087600
AAPL,2020-04-28,69.09233090667134,67.51698303222656,112004800
AAPL,2020-04-29,69.00751259495229,69.7345962524414,137280800
AAPL,2020-04-30,70.27505285549175,71.20571899414062,183064000
AAPL,2020-05-01,69.37589630273538,70.05935668945312,240616800
AAPL,2020-05-04,70.08359453961356,71.05061340332031,133568000
AAPL,2020-05-05,71.51110134148117,72.11700439453125,147751200
AAPL,2020-05-06,72.81984880576161,72.86105346679688,142333600
AAPL,2020-05-07,73.48878193571036,73.61480712890625,115215200
AAPL,2020-05-08,74.27579824490549,75.366943359375,133838400
AAPL,2020-05-11,74.8736289600459,76.5528793334961,145946400
AAPL,2020-05-12,77.23817575538389,75.67800903320312,162301200
AAPL,2020-05-13,75.85783701982658,74.7642593383789,200622400
AAPL,2020-05-14,74.0011951417901,75.22357177734375,158929200
AAPL,2020-05-15,72.9902356348415,74.77883911132812,166348400
AAPL,2020-05-18,76.10573008655975,76.54072570800781,135178400
AAPL,2020-05-19,76.55772557449362,76.09842681884766,101729600
AAPL,2020-05-20,76.95870878721165,77.57840728759766,111504800
AAPL,2020-05-21,77.43987587720596,77.00001525878906,102688800
AAPL,2020-05-22,76.73756083121987,77.49578094482422,81803200
AAPL,2020-05-26,78.61608760624858,76.97086334228516,125522000
AAPL,2020-05-27,76.82748410104101,77.30622100830078,112945200
AAPL,2020-05-28,76.9805646816368,77.3402328491211,133560800
AAPL,2020-05-29,77.5832675133885,77.2649154663086,153532400
AAPL,2020-06-01,77.21875354090659,78.21512603759766,80791200
AAPL,2020-06-02,77.94777287815573,78.57718658447266,87642800
AAPL,2020-06-03,78.89797215009735,79.00975799560547,104491200
AAPL,2020-06-04,78.83237798726375,78.32933044433594,87560400
AAPL,2020-06-05,78.57962969607472,80.56021881103516,137250400
AAPL,2020-06-08,80.25646891839591,81.03655242919922,95654400
AAPL,2020-06-09,80.7157340676601,83.5954818725586,147712400
AAPL,2020-06-10,84.54569482376236,85.74620056152344,166651600
AAPL,2020-06-11,84.88836389660872,81.62950134277344,201662400
AAPL,2020-06-12,83.77292472564989,82.33425903320312,200146000
AAPL,2020-06-15,80.98551479918848,83.35250091552734,138808800
AAPL,2020-06-16,85.41085390565064,85.5615234375,165428800
AAPL,2020-06-17,86.30758476368395,85.44244384765625,114406400
AAPL,2020-06-18,85.39869601495222,85.4764633178711,96820400
AAPL,2020-06-19,86.18363944319607,84.98799133300781,264476000
AAPL,2020-06-22,85.3816816208449,87.21160125732422,135445200
AAPL,2020-06-23,88.4582791409651,89.07311248779297,212155600
AAPL,2020-06-24,88.7013070407747,87.50080108642578,192623200
AAPL,2020-06-25,87.65633451294114,88.66242218017578,137522400
AAPL,2020-06-26,88.55792788577938,85.93820190429688,205256800
AAPL,2020-06-29,85.84586303787991,87.9188003540039,130646000
AAPL,2020-06-30,87.50565292250278,88.65269470214844,140223200
AAPL,2020-07-01,88.73045038740587,88.48500061035156,110737200
AAPL,2020-07-02,89.39389009933322,88.48500061035156,114041600
AAPL,2020-07-06,89.91639461248228,90.85201263427734,118655600
AAPL,2020-07-07,91.23112145924068,90.57011413574219,112424400
AAPL,2020-07-08,91.54948299500866,92.67951202392578,117092000
AAPL,2020-07-09,93.57378326638127,93.07803344726562,125642800
AAPL,2020-07-10,92.67219290740687,93.24085235595703,90257200
AAPL,2020-07-13,94.54830204332501,92.81072998046875,191649200
AAPL,2020-07-14,92.19101893190584,94.34658813476562,170989200
AAPL,2020-07-15,96.22508880672221,94.99542236328125,153198000
AAPL,2020-07-16,93.86542173959128,93.8265380859375,110577600
AAPL,2020-07-17,94.27853958226679,93.63697052001953,92186800
AAPL,2020-07-20,93.72446644412312,95.61027526855469,90318000
AAPL,2020-07-21,96.40250793502297,94.29068756103516,103433200
AAPL,2020-07-22,93.9917859277632,94.55558776855469,89001600
AAPL,2020-07-23,94.28827601915101,90.25176239013672,197004400
AAPL,2020-07-24,88.44614547198108,90.02818298339844,185438800
AAPL,2020-07-27,91.09259075129832,92.161865234375,121214000
AAPL,2020-07-28,91.73174329776009,90.64788818359375,103625600
AAPL,2020-07-29,91.13145960816027,92.38542938232422,90329200
AAPL,2020-07-30,91.55675572597188,93.50332641601562,158130000
AAPL,2020-07-31,100.01132775994397,103.29206085205078,374336800
AAPL,2020-08-03,105.17788663317357,105.89479064941406,308151200
AAPL,2020-08-04,106.08433124379282,106.60195922851562,173071600
AAPL,2020-08-05,106.32248498790055,106.98834991455078,121776800
AAPL,2020-08-06,107.32128306989559,110.7210922241211,202428800
AAPL,2020-08-07,110.24148657363267,108.20376586914062,198045600
AAPL,2020-08-10,109.65232461053742,109.7764892578125,212403600
AAPL,2020-08-11,109.03881778751953,106.51174926757812,187902400
AAPL,2020-08-12,107.60486600059996,110.05159759521484,165598000
AAPL,2020-08-13,111.43441109413642,111.99922943115234,210082000
AAPL,2020-08-14,111.82394347790165,111.8994140625,165565200
AAPL,2020-08-17,113.0241893774422,111.6072769165039,119561600
AAPL,2020-08-18,111.35894623327408,112.53726959228516,105633600
AAPL,2020-08-19,112.94628453517508,112.67848205566406,145538000
AAPL,2020-08-20,112.71985557077384,115.17875671386719,126907200
AAPL,2020-08-21,116.14041187069935,121.11421203613281,338054800
AAPL,2020-08-24,125.3284249869882,122.56277465820312,345937600
AAPL,2020-08-25,121.43313953220415,121.55729675292969,211495600
AAPL,2020-08-26,122.87681730695134,123.2103500366211,163022400
AAPL,2020-08-27,123.8141318298438,121.73745727539062,155552400
AAPL,2020-08-28,122.71370987305927,121.5402603149414,187630000
AAPL,2020-08-31,124.24019284317771,125.6619644165039,225702700
AAPL,2020-09-01,129.28456388151181,130.66738891601562,151948100
AAPL,2020-09-02,133.98814966847021,127.96018981933594,200119000
AAPL,2020-09-03,123.58772784996529,117.715576171875,257599600
AAPL,2020-09-04,116.92678671535833,117.79348754882812,332607200
AAPL,2020-09-08,110.96697771586362,109.86656188964844,231366600
AAPL,2020-09-09,114.19032948681344,114.2487564086914,176940500
AAPL,2020-09-10,117.20920195224328,110.51904296875,182274400
AAPL,2020-09-11,111.57075280375336,109.06803131103516,180860300
AAPL,2020-09-14,111.71682733418477,112.34007263183594,140150100
AAPL,2020-09-15,115.23233698136607,112.51537322998047,184642000
AAPL,2020-09-16,112.21347126407375,109.19461822509766,154679000
AAPL,2020-09-17,106.84773514371666,107.45149993896484,178011000
AAPL,2020-09-18,107.50992424081115,104.0431137084961,287104900
AAPL,2020-09-21,101.80332242964299,107.19829559326172,195713800
AAPL,2020-09-22,109.73022311017552,108.88299560546875,183055400
AAPL,2020-09-23,108.69799408278124,104.3157958984375,150718700
AAPL,2020-09-24,102.41683403022385,105.38699340820312,167743300
AAPL,2020-09-25,105.59150095453244,109.34071350097656,149981400
AAPL,2020-09-28,111.99922505805824,111.95053100585938,137672400
AAPL,2020-09-29,111.55127413308996,111.10330963134766,99382200
AAPL,2020-09-30,110.81118070719012,112.7782974243164,142675200
AAPL,2020-10-01,114.56039781431716,113.73265075683594,116120400
AAPL,2020-10-02,109.93473854776296,110.06133270263672,144712000
AAPL,2020-10-05,110.92804616223222,113.45024108886719,106243800
AAPL,2020-10-06,112.67117062665213,110.19766998291016,161498200
AAPL,2020-10-07,111.61944859952521,112.0674057006836,96849000
AAPL,2020-10-08,113.20677195191192,111.96028137207031,83477200
AAPL,2020-10-09,112.26216737253827,113.90792846679688,100506900
AAPL,2020-10-12,116.91702744282793,121.14341735839844,240226800
AAPL,2020-10-13,121.99065227801567,117.92981719970703,262330500
AAPL,2020-10-14,117.83244278615233,118.01747131347656,150712000
AAPL,2020-10-15,115.61212268187877,117.5500259399414,112559200
AAPL,2020-10-16,118.10509791229572,115.90425872802734,115393800
AAPL,2020-10-19,116.81966976831364,112.94386291503906,120639300
AAPL,2020-10-20,113.15808815638162,114.43379974365234,124423700
AAPL,2020-10-21,113.61578568990575,113.81055450439453,89946000
AAPL,2020-10-22,114.37534235792785,112.7198486328125,101988000
AAPL,2020-10-23,113.34312326795687,112.0284652709961,82572600
AAPL,2020-10-26,111.02542482103557,112.03820037841797,111850700
AAPL,2020-10-27,112.46667986652261,113.54762268066406,92276800
AAPL,2020-10-28,112.03817467935494,108.28895568847656,143937800
AAPL,2020-10-29,109.42833849678561,112.30110931396484,146129200
AAPL,2020-10-30,108.15263578946613,106.0102310180664,190272600
AAPL,2020-11-02,106.25368012654585,105.92257690429688,122866900
AAPL,2020-11-03,106.78930929411845,107.54888916015625,107624400
AAPL,2020-11-04,111.15203304053807,111.94082641601562,138235500
AAPL,2020-11-05,114.8622570736407,115.91398620605469,126387100
AAPL,2020-11-06,115.42137214222052,115.78231048583984,114457900
AAPL,2020-11-09,117.54798100128589,113.47038269042969,154515300
AAPL,2020-11-10,112.719227827361,113.12893676757812,138023400
AAPL,2020-11-11,114.31906384026838,116.56271362304688,112295000
AAPL,2020-11-12,116.68954065260598,116.28958129882812,103162300
AAPL,2020-11-13,116.5139390128418,116.33834838867188,81581900
AAPL,2020-11-16,116.0066699066951,117.35286712646484,91183000
AAPL,2020-11-17,116.62126333074048,116.46517944335938,74271000
AAPL,2020-11-18,115.70426632741369,115.13847351074219,76322100
AAPL,2020-11-19,114.70924831286501,115.73352813720703,74113000
AAPL,2020-11-20,115.73352541255366,114.46537017822266,73604300
AAPL,2020-11-23,114.30930546926308,111.06088256835938,127959300
AAPL,2020-11-24,111.1194218881883,112.34854888916016,113874200
AAPL,2020-11-25,112.71923279937354,113.18746948242188,76499200
AAPL,2020-11-27,113.71425788484106,113.7337646484375,46691300
AAPL,2020-11-30,114.1044534951316,116.13349914550781,169410200
AAPL,2020-12-01,118.04549272197347,119.7136001586914,127728200
AAPL,2020-12-02,119.03071381151662,120.06475067138672,89004200
AAPL,2020-12-03,120.4939775191396,119.92819213867188,78967600
AAPL,2020-12-04,119.59650527854147,119.25508117675781,78260400
AAPL,2020-12-07,119.31365085548599,120.71837615966797,86712000
AAPL,2020-12-08,121.32317422873233,121.33292388916016,82225500
AAPL,2020-12-09,121.47923011856346,118.79660034179688,115089200
AAPL,2020-12-10,117.54796013053175,120.22083282470703,81312200
AAPL,2020-12-11,119.4306853501199,119.41117858886719,86939800
AAPL,2020-12-14,119.59651146844232,118.79660034179688,79184500
AAPL,2020-12-15,121.29387733805277,124.74715423583984,157243700
AAPL,2020-12-16,124.28868403035126,124.67887878417969,98208600
AAPL,2020-12-17,125.74218602149824,125.54708862304688,94359800
AAPL,2020-12-18,125.80072510268418,123.55706787109375,192541500
AAPL,2020-12-21,121.95723262228893,125.08859252929688,121251600
AAPL,2020-12-22,128.38579552066017,128.64918518066406,168904800
AAPL,2020-12-23,128.92234654209122,127.75174713134766,88223700
AAPL,2020-12-24,128.1028988014902,128.73696899414062,54930100
AAPL,2020-12-28,130.70750227088905,133.3413543701172,124486200
AAPL,2020-12-29,134.66803693280866,131.56593322753906,121047300
AAPL,2020-12-30,132.2585255999266,130.444091796875,96452100
AAPL,2020-12-31,130.79527790714135,129.4393310546875,99116600
AAPL,2021-01-04,130.24898997538617,126.23967742919922,143301900
AAPL,2021-01-05,125.73238714953698,127.80044555664062,97664900
AAPL,2021-01-06,124.59108453530528,123.49851989746094,155088000
AAPL,2021-01-07,125.21542502622191,127.71270751953125,109578200
AAPL,2021-01-08,129.1857135709603,128.81503295898438,105158200
AAPL,2021-01-11,126.0250675958265,125.82020568847656,100384500
AAPL,2021-01-12,125.35199214859502,125.64464569091797,91951100
AAPL,2021-01-13,125.60563239385975,127.68345642089844,88636800
AAPL,2021-01-14,127.59564337383038,125.75194549560547,90221800
AAPL,2021-01-15,125.62511371158065,124.0252914428711,111598500
AAPL,2021-01-19,124.64961670921872,124.69839477539062,90757300
AAPL,2021-01-20,125.50805053058666,128.7954864501953,104319500
AAPL,2021-01-21,130.5221542310992,133.51693725585938,120150900
AAPL,2021-01-22,132.94138184988222,135.6630401611328,114459400
AAPL,2021-01-25,139.5650506326583,139.41871643066406,157611700
AAPL,2021-01-26,140.08208578785434,139.65286254882812,98390600
AAPL,2021-01-27,139.91622095789253,138.5797882080078,140843800
AAPL,2021-01-28,136.10202948520754,133.73155212402344,142621100
AAPL,2021-01-29,132.5024370834889,128.7272491455078,177523800
AAPL,2021-02-01,130.47334523641737,130.85379028320312,106239800
AAPL,2021-02-02,132.40487583442152,131.68301391601562,83305400
AAPL,2021-02-03,132.434112108336,130.65870666503906,89880900
AAPL,2021-02-04,132.96089184283247,134.02418518066406,84183100
AAPL,2021-02-05,134.18541104102158,133.60899353027344,75693800
AAPL,2021-02-08,132.8958097444442,133.7555389404297,71297200
AAPL,2021-02-09,133.47222774398102,132.87628173828125,76774200
AAPL,2021-02-10,133.3354051630871,132.27052307128906,73046600
AAPL,2021-02-11,132.76877325498876,132.0165252685547,64280000
AAPL,2021-02-12,131.2545039467926,132.25099182128906,60145100
AAPL,2021-02-16,132.3682407877475,130.12123107910156,80576300
AAPL,2021-02-17,128.22596600709292,127.82540893554688,97918500
AAPL,2021-02-18,126.22316901372119,126.72142791748047,96856700
AAPL,2021-02-19,127.23921649175709,126.87773132324219,87668800
AAPL,2021-02-22,125.06059198229507,123.09690856933594,103916400
AAPL,2021-02-23,120.9085077307379,122.96012115478516,158273000
AAPL,2021-02-24,122.06132638305527,122.46187591552734,111039900
AAPL,2021-02-25,121.80732245880864,118.20233917236328,148199500
AAPL,2021-02-26,119.76546069067267,118.46611022949219,164560400
AAPL,2021-03-01,120.89872523618496,124.84564208984375,116307900
AAPL,2021-03-02,125.45137262840403,122.23717498779297,102260900
AAPL,2021-03-03,121.93431163375459,119.24767303466797,112966300
AAPL,2021-03-04,118.94482157612892,117.36214447021484,178155000
AAPL,2021-03-05,118.19256415106085,118.62242126464844,153766600
AAPL,2021-03-08,118.14372104814352,113.67901611328125,154376600
AAPL,2021-03-09,116.2875066919913,118.30004119873047,129525800
AAPL,2021-03-10,118.88619883894275,117.2155990600586,111943300
AAPL,2021-03-11,119.71660926571059,119.14997100830078,103026500
AAPL,2021-03-12,117.62594266791949,118.24142456054688,88105100
AAPL,2021-03-15,118.6126518520549,121.1332015991211,92403800
AAPL,2021-03-16,122.80381327731409,122.67681121826172,115227900
AAPL,2021-03-17,121.19182718884684,121.88546752929688,111932600
AAPL,2021-03-18,120.04878306750058,117.7529296875,121229700
AAPL,2021-03-19,117.13744191051595,117.2253646850586,185549500
AAPL,2021-03-22,117.55754145534942,120.54703521728516,111912300
AAPL,2021-03-23,120.48843567727455,119.71663665771484,95467100
AAPL,2021-03-24,119.99016171261569,117.32305908203125,88530500
AAPL,2021-03-25,116.78575841570435,117.81156158447266,98844700
AAPL,2021-03-26,117.57705830576778,118.41724395751953,94071200
AAPL,2021-03-29,118.84712067934997,118.59310913085938,80819200
AAPL,2021-03-30,117.34262706781865,117.13746643066406,85671900
AAPL,2021-03-31,118.84712206732044,119.33560180664062,118323800
AAPL,2021-04-01,120.81082779797158,120.16603088378906,75089100
AAPL,2021-04-05,121.0159873923934,122.99921417236328,88651200
AAPL,2021-04-06,123.585374503169,123.30205535888672,80171300
AAPL,2021-04-07,122.93081157124116,124.95311737060547,83466700
AAPL,2021-04-08,125.97894388704515,127.35646057128906,88844600
AAPL,2021-04-09,126.80932573443174,129.9355926513672,106686700
AAPL,2021-04-12,129.46670905819494,128.21620178222656,91420000
AAPL,2021-04-13,129.38850198628998,131.3326416015625,91266500
AAPL,2021-04-14,131.83090092593696,128.98794555664062,87222800
AAPL,2021-04-15,130.73670629706913,131.40103149414062,89347100
AAPL,2021-04-16,131.20568244452048,131.06890869140625,84922400
AAPL,2021-04-19,130.4338725171409,131.7332305908203,94264200
AAPL,2021-04-20,131.90904077023842,130.0430450439453,94812300
AAPL,2021-04-21,129.3103694680848,130.42410278320312,68847100
AAPL,2021-04-22,129.97468618567086,128.90003967285156,84566500
AAPL,2021-04-23,129.1149534004929,131.22518920898438,78657500
AAPL,2021-04-26,131.72346346577018,131.61599731445312,66905100
AAPL,2021-04-27,131.89930451580292,131.29359436035156,66015800
AAPL,2021-04-28,131.21540391293965,130.50222778320312,107760100
AAPL,2021-04-29,133.3256706891164,130.40455627441406,151101000
AAPL,2021-04-30,128.74371056977085,128.43109130859375,109839500
AAPL,2021-05-03,128.99774150408825,129.48622131347656,75135100
AAPL,2021-05-04,128.1673226815826,124.9042739868164,137564700
AAPL,2021-05-05,126.22316026424471,125.14851379394531,84000900
AAPL,2021-05-06,124.94334384163355,126.75072479248047,78128300
AAPL,2021-05-07,128.0523104766034,127.42599487304688,78973300
AAPL,2021-05-10,126.6430870741667,124.1378173828125,88071200
AAPL,2021-05-11,120.859443088754,123.2179183959961,126142800
AAPL,2021-05-12,120.76157712204518,120.1450424194336,112172300
AAPL,2021-05-13,121.91635098532697,122.29801177978516,105861300
AAPL,2021-05-14,123.55064345219544,124.72498321533203,81918000
AAPL,2021-05-17,124.10845673466083,123.5702133178711,74244600
AAPL,2021-05-18,123.85400999222864,122.18057250976562,63342900
AAPL,2021-05-19,120.52671624181265,122.02400207519531,92612000
AAPL,2021-05-20,122.55244532788751,124.58796691894531,76857100
AAPL,2021-05-21,125.087075294154,122.74817657470703,79295400
AAPL,2021-05-24,123.31577052336202,124.38246154785156,63092900
AAPL,2021-05-25,125.08706463603312,124.18673706054688,72009500
AAPL,2021-05-26,124.24546606900942,124.1378173828125,56575900
AAPL,2021-05-27,123.73658094675875,122.60137939453125,94625600
AAPL,2021-05-28,122.88516715801732,121.94569396972656,71311100
AAPL,2021-06-01,122.40565507263037,121.62275695800781,67637100
AAPL,2021-06-02,121.6227639113054,122.3860855102539,59278900
AAPL,2021-06-03,122.01421513150538,120.89859008789062,76229200
AAPL,2021-06-04,121.41724010709315,123.19832611083984,75169300
AAPL,2021-06-07,123.47236136545236,123.20813751220703,71057600
AAPL,2021-06-08,123.89318342987232,124.03018951416016,74403800
AAPL,2021-06-09,124.49012603117782,124.41183471679688,56877900
AAPL,2021-06-10,124.30418229225445,123.41364288330078,71186400
AAPL,2021-06-11,123.82466131686404,124.62712860107422,53522400
AAPL,2021-06-14,125.08710061319279,127.69022369384766,96906500
AAPL,2021-06-15,127.16175274322241,126.8681640625,62746300
AAPL,2021-06-16,127.58253061107676,127.36723327636719,91815000
AAPL,2021-06-17,127.02475612675201,128.97219848632812,96721700
AAPL,2021-06-18,127.91530142774639,127.67064666748047,108953300
AAPL,2021-06-21,127.5140000821469,129.4712371826172,79663300
AAPL,2021-06-22,129.30493548234813,131.11537170410156,74783600
AAPL,2021-06-23,130.9098953997532,130.8413848876953,60214200
AAPL,2021-06-24,131.57531327793558,130.55755615234375,68711000
AAPL,2021-06-25,130.60646907956024,130.26394653320312,70783700
AAPL,2021-06-28,130.5575512774318,131.89825439453125,62111300
AAPL,2021-06-29,131.91781455854107,133.41510009765625,64556100
AAPL,2021-06-30,133.2585598021392,134.03167724609375,63261400
AAPL,2021-07-01,133.67934909478365,134.33502197265625,52485800
AAPL,2021-07-02,134.95156150334915,136.967529296875,78852600
AAPL,2021-07-06,137.07515561633554,138.98345947265625,108181800
AAPL,2021-07-07,140.47096680675352,141.4789581298828,104911600
AAPL,2021-07-08,138.55291763197445,140.17742919921875,105575500
AAPL,2021-07-09,139.69785912702397,142.0074005126953,99890800
AAPL,2021-07-12,143.08386035648152,141.41041564941406,76299700
AAPL,2021-07-13,140.95048491894528,142.52606201171875,100827100
AAPL,2021-07-14,144.93347581872183,145.9610137939453,127050800
AAPL,2021-07-15,146.0491036180456,145.3053436279297,106820300
AAPL,2021-07-16,145.2858043327315,143.2600555419922,93251400
AAPL,2021-07-19,140.67644318208477,139.40423583984375,121434600
AAPL,2021-07-20,140.3926891605558,143.02516174316406,96350000
AAPL,2021-07-21,142.4184239807626,142.29119873046875,74993500
AAPL,2021-07-22,142.81964204688137,143.6612548828125,77338200
AAPL,2021-07-23,144.39522150375126,145.3836212158203,71447400
AAPL,2021-07-26,145.09983651776034,145.804443359375,72434100
AAPL,2021-07-27,145.93165788061674,143.6319122314453,104818600
AAPL,2021-07-28,141.71379405719455,141.88015747070312,118931200
AAPL,2021-07-29,141.5963770040042,142.52606201171875,56699500
AAPL,2021-07-30,141.29301163126834,142.74136352539062,70440600
AAPL,2021-08-02,143.23066668557712,142.40863037109375,62880000
AAPL,2021-08-03,142.69242718670878,144.20928955078125,64786600
AAPL,2021-08-04,144.12122494137196,143.8080596923828,56368300
AAPL,2021-08-05,143.83738863486957,143.91567993164062,46397700
AAPL,2021-08-06,143.43546923928326,143.22964477539062,54126800
AAPL,2021-08-09,143.2884740483459,143.1806640625,48908700
AAPL,2021-08-10,143.52369224868931,142.70042419433594,69023100
AAPL,2021-08-11,143.14141874004835,142.9552001953125,48493500
AAPL,2021-08-12,143.27866898429832,145.92489624023438,72282600
AAPL,2021-08-13,146.00330617321433,146.13072204589844,59375000
AAPL,2021-08-16,145.58183697281834,148.11045837402344,103296000
AAPL,2021-08-17,147.2382019565344,147.19900512695312,92229700
AAPL,2021-08-18,146.81679335121513,143.44529724121094,86326000
AAPL,2021-08-19,142.1417477573086,143.7784881591797,86960300
AAPL,2021-08-20,144.50378183589572,145.2388458251953,60549600
AAPL,2021-08-23,145.3564331528218,146.7285614013672,60131800
AAPL,2021-08-24,146.47373764386114,146.64035034179688,48606400
AAPL,2021-08-25,146.82657724516397,145.40545654296875,58991300
AAPL,2021-08-26,145.3956577646763,144.60177612304688,48597200
AAPL,2021-08-27,144.54299543988165,145.6407012939453,55802400
AAPL,2021-08-30,146.03267206597155,150.07061767578125,90956700
AAPL,2021-08-31,149.61980794744622,148.80633544921875,86453100
AAPL,2021-09-01,149.7864127413778,149.4727783203125,80313700
AAPL,2021-09-02,150.80572311579687,150.59010314941406,71115500
AAPL,2021-09-03,150.6978879757905,151.22714233398438,57808700
AAPL,2021-09-07,151.88378675982,153.5695343017578,82278300
AAPL,2021-09-08,153.85378127804458,152.02102661132812,74420200
AAPL,2021-09-09,152.3934279437582,151.001708984375,57305700
AAPL,2021-09-10,151.91322443397442,146.00331115722656,140893200
AAPL,2021-09-13,147.63020991450378,146.57171630859375,102404300
AAPL,2021-09-14,147.35581250665328,145.1702117919922,109296300
AAPL,2021-09-15,145.60144679799546,146.0620880126953,83281300
AAPL,2021-09-16,145.48383770122956,145.8268585205078,68034100
AAPL,2021-09-17,145.85628990076225,143.1512451171875,129868800
AAPL,2021-09-20,140.93625767675672,140.0933837890625,123478900
AAPL,2021-09-21,141.06366629417695,140.57362365722656,75834000
AAPL,2021-09-22,141.57327607190967,142.94540405273438,76404300
AAPL,2021-09-23,143.72949119090302,143.90591430664062,64838200
AAPL,2021-09-24,142.75922331584852,143.99412536621094,53477900
AAPL,2021-09-27,142.57299008435822,142.4749755859375,74150700
AAPL,2021-09-28,140.39718798406145,139.08387756347656,108972300
AAPL,2021-09-29,139.63274915010976,139.98558044433594,74602000
AAPL,2021-09-30,140.79904018482358,138.6820526123047,89056700
AAPL,2021-10-01,139.07407919128337,139.80914306640625,94639600
AAPL,2021-10-04,138.93688296157117,136.3690643310547,98322000
AAPL,2021-10-05,136.7121018284855,138.29983520507812,80861100
AAPL,2021-10-06,136.69247443763487,139.17208862304688,83221100
AAPL,2021-10-07,140.2109859591421,140.4364013671875,61732700
AAPL,2021-10-08,141.1616851390563,140.05418395996094,58773200
AAPL,2021-10-11,139.43671824165966,139.96595764160156,64452200
AAPL,2021-10-12,140.37758102047312,138.69183349609375,73035900
AAPL,2021-10-13,138.42723544419957,138.1038055419922,78762700
AAPL,2021-10-14,139.2798991998456,140.89703369140625,69907100
AAPL,2021-10-15,140.90685250780268,141.95553588867188,67940300
AAPL,2021-10-18,140.59321496938745,143.63148498535156,85589200
AAPL,2021-10-19,144.08233605883038,145.7974853515625,76378900
AAPL,2021-10-20,145.73867600634514,146.2875213623047,58418800
AAPL,2021-10-21,145.84647277784177,146.5031280517578,61421000
AAPL,2021-10-22,146.70896711028783,145.7288818359375,58883400
AAPL,2021-10-25,145.71905217231605,145.6798553466797,50720600
AAPL,2021-10-26,146.35609368392807,146.34629821777344,60893400
AAPL,2021-10-27,146.38551919710656,145.88568115234375,56094900
AAPL,2021-10-28,146.8363367781858,149.5315704345703,100077900
AAPL,2021-10-29,144.2881507382271,146.8167724609375,124953200
AAPL,2021-11-01,146.0229316395495,145.9935302734375,74588300
AAPL,2021-11-02,145.69947786176533,147.0323944091797,69122000
AAPL,2021-11-03,147.3950294474851,148.47312927246094,54511500
AAPL,2021-11-04,148.56130705778995,147.9536590576172,60394600
AAPL,2021-11-05,149.08241350820953,148.4836883544922,65463900
AAPL,2021-11-08,148.61125082696094,147.6591796875,55020900
AAPL,2021-11-09,147.42365944999992,148.0223846435547,56787900
AAPL,2021-11-10,147.24697984100837,145.185791015625,65187100
AAPL,2021-11-11,146.20655148055175,145.13668823242188,41000000
AAPL,2021-11-12,145.68635239017757,147.217529296875,63804000
AAPL,2021-11-15,147.59049667940786,147.2273406982422,59222800
AAPL,2021-11-16,147.16842781455065,148.20883178710938,59256200
AAPL,2021-11-17,148.20885284111802,150.65283203125,88807000
AAPL,2021-11-18,150.86876512432602,154.9518585205078,137827700
AAPL,2021-11-19,154.7359321301873,157.58233642578125,117305600
AAPL,2021-11-22,158.6914137046002,158.0436248779297,117467900
AAPL,2021-11-23,158.14178946554063,158.4264373779297,96041900
AAPL,2021-11-24,157.7786188977565,158.94662475585938,69463600
AAPL,2021-11-26,156.62044578974744,153.9114532470703,76959800
AAPL,2021-11-29,156.4241473557717,157.278076171875,88748200
AAPL,2021-11-30,157.03267696276697,162.24452209472656,174048100
AAPL,2021-12-01,164.3842181801369,161.7243194580078,152052500
AAPL,2021-12-02,155.80578900771513,160.7329864501953,136739200
AAPL,2021-12-03,160.98820747292035,158.84849548339844,118023100
AAPL,2021-12-06,161.25320051090569,162.26417541503906,107497000
AAPL,2021-12-07,165.95464971119893,168.0158233642578,120405400
AAPL,2021-12-08,168.94826702497062,171.84373474121094,116998900
AAPL,2021-12-09,171.67687992199998,171.33334350585938,108923700
AAPL,2021-12-10,171.971363576986,176.1329803466797,115402700
AAPL,2021-12-13,177.77209005921313,172.49154663085938,153237000
AAPL,2021-12-14,172.01059747528444,171.10760498046875,139380400
AAPL,2021-12-15,171.87319557243478,175.98574829101562,131063300
AAPL,2021-12-16,175.96614195545544,169.07589721679688,150185800
AAPL,2021-12-17,166.7889373031069,167.97657775878906,195432700
AAPL,2021-12-20,165.1694450305174,166.61227416992188,107499100
AAPL,2021-12-21,168.38885921906038,169.7924346923828,91185900
AAPL,2021-12-22,169.8414404758155,172.3933868408203,92135300
AAPL,2021-12-23,172.59951616954052,173.0215606689453,68356600
AAPL,2021-12-27,173.8165732862966,176.99668884277344,74919600
AAPL,2021-12-28,176.82988103473713,175.9759521484375,79144300
AAPL,2021-12-29,176.01517599051218,176.0642547607422,62348900
AAPL,2021-12-30,176.15259582853517,174.90606689453125,59773000
AAPL,2021-12-31,174.79809701854663,174.2877197265625,64062300
AAPL,2022-01-03,174.5429321185891,178.64566040039062,104487900
AAPL,2022-01-04,179.25415901450634,176.37831115722656,99310400
AAPL,2022-01-05,176.29004842802888,171.68673706054688,94537600
AAPL,2022-01-06,169.50772129643173,168.82066345214844,96904000
AAPL,2022-01-07,169.69424129913546,168.987548828125,86709100
AAPL,2022-01-10,165.95467253383114,169.00718688964844,106765600
AAPL,2022-01-11,169.13475736538487,171.84373474121094,76138300
AAPL,2022-01-12,172.8645062038037,172.28541564941406,74805200
AAPL,2022-01-13,172.53082457713552,169.00718688964844,84505800
AAPL,2022-01-14,168.17287788763613,169.87091064453125,80440800
AAPL,2022-01-18,168.33974508224512,166.66136169433594,90956700
AAPL,2022-01-19,166.85763576058818,163.15731811523438,94815000
AAPL,2022-01-20,163.8934607946357,161.4691162109375,91420500
AAPL,2022-01-21,161.38076913756592,159.40792846679688,122848900
AAPL,2022-01-24,157.06212195335075,158.63253784179688,162294600
AAPL,2022-01-25,156.04133790955973,156.82655334472656,115798400
AAPL,2022-01-26,160.47779205545413,156.73822021484375,108275300
AAPL,2022-01-27,159.44717659164758,156.27688598632812,121954600
AAPL,2022-01-28,162.64693708008207,167.18153381347656,179935700
AAPL,2022-01-31,167.01473342619792,171.54933166503906,115541600
AAPL,2022-02-01,170.79351570873365,171.38243103027344,86213900
AAPL,2022-02-02,171.51985796847407,172.58970642089844,84914300
AAPL,2022-02-03,171.25482156772748,169.7040252685547,89418100
AAPL,2022-02-04,168.72128157532018,169.41905212402344,82465400
AAPL,2022-02-07,169.88096130618518,168.70164489746094,77251200
AAPL,2022-02-08,168.77040540578523,171.81698608398438,74829200
AAPL,2022-02-09,173.01595715476017,173.2419891357422,71285000
AAPL,2022-02-10,171.1388626912715,169.15367126464844,90865900
AAPL,2022-02-11,169.3600823732159,165.73367309570312,98670700
AAPL,2022-02-14,164.48555705147456,165.96954345703125,86185500
AAPL,2022-02-15,168.02353762882288,169.81216430664062,62527400
AAPL,2022-02-16,168.88834547600229,169.57627868652344,61177400
AAPL,2022-02-17,168.0824845697611,165.96954345703125,69589300
AAPL,2022-02-18,166.893337952625,164.41676330566406,82772700
AAPL,2022-02-22,162.1367428748668,161.48812866210938,91162800
AAPL,2022-02-23,162.68708741626082,157.31137084960938,90009200
AAPL,2022-02-24,149.95042777885615,159.93533325195312,141147500
AAPL,2022-02-25,161.0163992959612,162.00900268554688,91974200
AAPL,2022-02-28,160.249841950296,162.2743377685547,95056600
AAPL,2022-03-01,161.86158516779412,160.38743591308594,83474400
AAPL,2022-03-02,161.55694370851774,163.68954467773438,79724800
AAPL,2022-03-03,165.5665898454482,163.3651885986328,76678400
AAPL,2022-03-04,161.6552144893565,160.3579559326172,83737200
AAPL,2022-03-07,160.54466966467405,156.5546417236328,96418800
AAPL,2022-03-08,156.08290647641851,154.7266845703125,131148300
AAPL,2022-03-09,158.6970412294756,160.14170837402344,91454900
AAPL,2022-03-10,157.43912578291366,155.7880859375,105342000
AAPL,2022-03-11,156.19101504721644,152.0634002685547,96970100
AAPL,2022-03-14,148.8398979655987,148.02420043945312,108732100
AAPL,2022-03-15,148.29941304803273,152.41720581054688,92964300
AAPL,2022-03-16,154.34341096119434,156.83963012695312,102300200
AAPL,2022-03-17,155.8765285127207,157.8518829345703,75615400
AAPL,2022-03-18,157.74380683948462,161.1540069580078,123511700
AAPL,2022-03-21,160.69206357071295,162.52984619140625,95811400
AAPL,2022-03-22,162.6576150439786,165.91058349609375,81532000
AAPL,2022-03-23,165.09488461775757,167.27662658691406,98062700
AAPL,2022-03-24,168.11193338665237,171.070068359375,90131400
AAPL,2022-03-25,170.8833729038462,171.70889282226562,80546200
AAPL,2022-03-28,169.202835000459,172.57373046875,90371900
AAPL,2022-03-29,173.64494077798946,175.87582397460938,100589400
AAPL,2022-03-30,175.4728856845117,174.70632934570312,92633200
AAPL,2022-03-31,174.77511451308345,171.6007843017578,103049300
AAPL,2022-04-01,171.03079590947166,171.30596923828125,78751300
AAPL,2022-04-04,171.56149171892602,175.3647918701172,76468400
AAPL,2022-04-05,174.4409814506257,172.04302978515625,73401800
AAPL,2022-04-06,169.3895629453013,168.8686981201172,89058800
AAPL,2022-04-07,168.21023335572733,169.17333984375,77594700
AAPL,2022-04-08,168.81953778376487,167.15866088867188,76575500
AAPL,2022-04-11,165.80247259982983,162.8934783935547,72246700
AAPL,2022-04-12,165.12434995391737,164.7705535888672,79265200
AAPL,2022-04-13,164.5052126435429,167.4633331298828,70618900
AAPL,2022-04-14,167.67955149726123,162.44140625,75329400
AAPL,2022-04-18,161.09499932270256,162.22518920898438,69023900
AAPL,2022-04-19,162.17604187582518,164.5150146484375,67723800
AAPL,2022-04-20,165.851592274227,164.34796142578125,67929800
AAPL,2022-04-21,165.99903403048015,163.55194091796875,87227800
AAPL,2022-04-22,163.59123952892807,159.001708984375,84882400
AAPL,2022-04-25,158.3432742820327,160.0729522705078,96046400
AAPL,2022-04-26,159.45377338752408,154.0977020263672,95623200
AAPL,2022-04-27,153.2230748402012,153.8717041015625,88063200
AAPL,2022-04-28,156.50549701980856,160.81983947753906,130216800
AAPL,2022-04-29,159.05085178561868,154.9330596923828,131747600
AAPL,2022-05-02,154.00928950852122,155.2377471923828,123055300
AAPL,2022-05-03,155.4244258610072,156.73150634765625,88966500
AAPL,2022-05-04,156.91825813151257,163.15882873535156,108256500
AAPL,2022-05-05,161.0262227132276,154.0682373046875,130525300
AAPL,2022-05-06,153.54661873975235,154.79656982421875,116124600
AAPL,2022-05-09,152.48365942752434,149.6589813232422,131577900
AAPL,2022-05-10,153.0643590542694,152.07029724121094,115366700
AAPL,2022-05-11,151.07625368918983,144.18678283691406,142689800
AAPL,2022-05-12,140.51569649014897,140.3090057373047,182602000
AAPL,2022-05-13,142.30694137891726,144.7871551513672,113990900
AAPL,2022-05-16,143.25177981278947,143.24192810058594,86643800
AAPL,2022-05-17,146.50950977669152,146.88351440429688,78336300
AAPL,2022-05-18,144.5312355358542,138.59645080566406,109742900
AAPL,2022-05-19,137.6712938917074,135.18124389648438,136095600
AAPL,2022-05-20,136.89376494741566,135.41744995117188,137426100
AAPL,2022-05-23,135.61429152570187,140.8502960205078,117726300
AAPL,2022-05-24,138.58661405091433,138.1437225341797,104132700
AAPL,2022-05-25,136.24416789439192,138.30117797851562,92482700
AAPL,2022-05-26,135.22061822713323,141.5097198486328,90601500
AAPL,2022-05-27,143.09429845299417,147.27719116210938,90978500
AAPL,2022-05-31,146.71620151537235,146.4898223876953,103718400
AAPL,2022-06-01,147.5330901211728,146.3618927001953,74286600
AAPL,2022-06-02,145.49576829817823,148.82240295410156,72348100
AAPL,2022-06-03,144.58043039547144,143.08444213867188,88570300
AAPL,2022-06-06,144.70838950271786,143.8324432373047,71598400
AAPL,2022-06-07,142.07073600128598,146.3618927001953,67808200
AAPL,2022-06-08,146.23393897895934,145.6237335205078,53950200
AAPL,2022-06-09,144.75762100742102,140.38772583007812,69473000
AAPL,2022-06-10,138.06499277205677,134.96473693847656,91437900
AAPL,2022-06-13,130.77201173898712,129.7976531982422,122207100
AAPL,2022-06-14,131.0278947539339,130.66372680664062,84784300
AAPL,2022-06-15,132.16953578167917,133.29153442382812,91533000
AAPL,2022-06-16,129.99445602178534,128.00634765625,108123900
AAPL,2022-06-17,128.0162178037558,129.48268127441406,134520300
AAPL,2022-06-21,131.31328286822668,133.72459411621094,81000500
AAPL,2022-06-22,132.6616745701608,133.2128448486328,73409200
AAPL,2022-06-23,134.65961425641447,136.0867156982422,72433800
AAPL,2022-06-24,137.6909982443359,139.4232177734375,89116800
AAPL,2022-06-27,140.44678975329754,139.4232177734375,70207900
AAPL,2022-06-28,139.88579990473832,135.2698516845703,67083400
AAPL,2022-06-29,135.28954440451295,137.03158569335938,66242400
AAPL,2022-06-30,135.08284846053866,134.56121826171875,98964500
AAPL,2022-07-01,133.89193111018585,136.73629760742188,71051600
AAPL,2022-07-05,135.59461869744254,139.32476806640625,73353800
AAPL,2022-07-06,139.11808248899268,140.6632843017578,74064300
AAPL,2022-07-07,141.02745853360616,144.03915405273438,66253700
AAPL,2022-07-08,142.9663536838273,144.71824645996094,64547800
AAPL,2022-07-11,143.3698906543045,142.58251953125,63141600
AAPL,2022-07-12,143.45842725252902,143.55685424804688,77588800
AAPL,2022-07-13,140.732208499025,143.19273376464844,71185600
AAPL,2022-07-14,141.80496013260634,146.12564086914062,78140700
AAPL,2022-07-15,147.4149715696043,147.79881286621094,76259900
AAPL,2022-07-18,148.3598211223461,144.74777221679688,81420900
AAPL,2022-07-19,145.58433884840355,148.61570739746094,82982400
AAPL,2022-07-20,148.7337929449323,150.62347412109375,64823400
AAPL,2022-07-21,152.06046433667046,152.8970489501953,65086600
AAPL,2022-07-22,152.93638205415488,151.6569061279297,66675400
AAPL,2022-07-25,151.5781876406526,150.53492736816406,53623900
AAPL,2022-07-26,149.8558049610543,149.20623779296875,55138700
AAPL,2022-07-27,150.17076942758217,154.3142852783203,78620700
AAPL,2022-07-28,154.50129531236348,154.86546325683594,81378700
AAPL,2022-07-29,158.69404891618413,159.94398498535156,101786900
AAPL,2022-08-01,158.4676575395611,158.9597625732422,67829400
AAPL,2022-08-02,157.57201926429306,157.48342895507812,59907000
AAPL,2022-08-03,158.30035586863676,163.5068359375,82507500
AAPL,2022-08-04,163.38868774052628,163.1918487548828,55474100
AAPL,2022-08-05,160.85607517425956,162.9652099609375,56697000
AAPL,2022-08-08,163.97047703384425,162.4921112060547,60276900
AAPL,2022-08-09,161.65436841608152,162.5413818359375,63135500
AAPL,2022-08-10,165.26157448955212,166.79908752441406,70170500
AAPL,2022-08-11,167.6072389716485,166.0598907470703,57149200
AAPL,2022-08-12,167.37074385189385,169.61785888671875,68039400
AAPL,2022-08-15,169.04621123839397,170.69212341308594,54091700
AAPL,2022-08-16,170.28804476181145,170.53443908691406,56377100
AAPL,2022-08-17,170.27814482230454,172.032470703125,79542000
AAPL,2022-08-18,171.24403503116682,171.6382598876953,62290100
AAPL,2022-08-19,170.53440436112984,169.0461883544922,70346300
AAPL,2022-08-22,167.2426018901802,165.15318298339844,69026800
AAPL,2022-08-23,164.67023889482752,164.8180694580078,54147100
AAPL,2022-08-24,164.90676099384123,165.1137237548828,53841500
AAPL,2022-08-25,166.34569590450855,167.57766723632812,51218200
AAPL,2022-08-26,168.10988929542629,161.26011657714844,78961000
AAPL,2022-08-29,158.82573564976346,159.05242919921875,73314000
AAPL,2022-08-30,159.79163221679283,156.61807250976562,77906200
AAPL,2022-08-31,157.99788365077418,154.95245361328125,87991100
AAPL,2022-09-01,154.3808088580502,155.68177795410156,74229900
AAPL,2022-09-02,157.44593542420824,153.56275939941406,76957800
AAPL,2022-09-06,154.2132920320842,152.30126953125,73714800
AAPL,2022-09-07,152.587059729615,153.7106170654297,87449600
AAPL,2022-09-08,152.4096506976959,152.2322540283203,84923800
AAPL,2022-09-09,153.22765992863847,155.10025024414062,68028800
AAPL,2022-09-12,157.2882631049793,161.0728759765625,104956000
AAPL,2022-09-13,157.59379629154282,151.62120056152344,122656600
AAPL,2022-09-14,152.55747250443096,153.06997680664062,87965400
AAPL,2022-09-15,152.41949313430064,150.17237854003906,90481100
AAPL,2022-09-16,149.0291279719984,148.52647399902344,162278800
AAPL,2022-09-19,147.15652109079085,152.251953125,81474200
AAPL,2022-09-20,151.1875044560908,154.63702392578125,107689800
AAPL,2022-09-21,155.07069875161233,151.50291442871094,101696800
AAPL,2022-09-22,150.1822704357891,150.53707885742188,86652500
AAPL,2022-09-23,149.00939362683624,148.26034545898438,96029900
AAPL,2022-09-26,147.50149812854582,148.59548950195312,93339400
AAPL,2022-09-27,150.53708939650227,149.5712127685547,84442700
AAPL,2022-09-28,145.5106120290712,147.6788787841797,146691400
AAPL,2022-09-29,143.99284886355534,140.425048828125,128138200
AAPL,2022-09-30,139.2423359620473,136.20675659179688,124925300
AAPL,2022-10-03,136.21660973950978,140.39544677734375,114311700
AAPL,2022-10-04,142.93825359464822,143.99282836914062,87830100
AAPL,2022-10-05,141.9921012373244,144.28848266601562,79471000
AAPL,2022-10-06,143.70702847126705,143.33250427246094,68402200
AAPL,2022-10-07,140.4841493461153,138.06948852539062,85925600
AAPL,2022-10-10,138.39476013183594,138.39476013183594,74899000
AAPL,2022-10-11,137.8822234673554,136.97549438476562,77033700
AAPL,2022-10-12,137.123356205743,136.34474182128906,70433700
AAPL,2022-10-13,133.04305662953354,140.92767333984375,113224000
AAPL,2022-10-14,142.22861988773633,136.3841552734375,88598000
AAPL,2022-10-17,139.0353938988536,140.35606384277344,85250900
AAPL,2022-10-18,143.39160620792404,141.67669677734375,99136600
AAPL,2022-10-19,139.6464402055219,141.78514099121094,61758300
AAPL,2022-10-20,140.95724070036255,141.3218994140625,64522000
AAPL,2022-10-21,140.80940185727815,145.1459503173828,86548600
AAPL,2022-10-24,145.06709579621315,147.29449462890625,75981900
AAPL,2022-10-25,147.92527363612152,150.142822265625,74732300
AAPL,2022-10-26,148.7827486054812,147.1959686279297,88194300
AAPL,2022-10-27,145.934419951747,142.71157836914062,109180200
AAPL,2022-10-28,146.06252959255997,153.49378967285156,164762400
AAPL,2022-10-31,150.95099079346033,151.12838745117188,97943200
AAPL,2022-11-01,152.84328689393647,148.4771728515625,80379300
AAPL,2022-11-02,146.80172383520585,142.93826293945312,93604600
AAPL,2022-11-03,140.01109670781145,136.87696838378906,97918500
AAPL,2022-11-04,140.27296098274414,136.61041259765625,140814800
AAPL,2022-11-07,135.35664228494105,137.14349365234375,83374600
AAPL,2022-11-08,138.61444628445304,137.71607971191406,89908500
AAPL,2022-11-09,136.72889468527546,133.1453094482422,74917800
AAPL,2022-11-10,139.43384265889435,144.99183654785156,118854000
AAPL,2022-11-11,143.955271925704,147.78564453125,93979700
AAPL,2022-11-14,147.0649830587826,146.38380432128906,73374100
AAPL,2022-11-15,150.2734377369584,148.12130737304688,89868300
AAPL,2022-11-16,147.22294689122086,146.8872833251953,64218300
AAPL,2022-11-17,144.55745437595286,148.7926025390625,80389400
AAPL,2022-11-18,150.36227675012384,149.35531616210938,74829600
AAPL,2022-11-21,148.23976345815655,146.11724853515625,58724100
AAPL,2022-11-22,146.23571841721474,148.25949096679688,51804100
AAPL,2022-11-23,147.53882889151882,149.13812255859375,58301400
AAPL,2022-11-25,146.41341229167975,146.21597290039062,35195900
AAPL,2022-11-28,143.2839657599813,142.375732421875,69246000
AAPL,2022-11-29,142.4448277773216,139.36473083496094,83763800
AAPL,2022-11-30,139.59177292691083,146.13699340820312,111380900
AAPL,2022-12-01,146.31473995775144,146.4134521484375,71250400
AAPL,2022-12-02,144.09349682237342,145.91983032226562,65447400
AAPL,2022-12-05,145.8803345082114,144.75491333007812,68826400
AAPL,2022-12-06,145.18929508684244,141.08248901367188,64727200
AAPL,2022-12-07,140.37166442833825,139.1376495361328,69721100
AAPL,2022-12-08,140.53950554386986,140.82579040527344,62128300
AAPL,2022-12-09,140.51977775341376,140.3420867919922,76097000
AAPL,2022-12-12,140.8751398938642,142.6422576904297,70462700
AAPL,2022-12-13,147.58822033452066,143.60975646972656,93886200
AAPL,2022-12-14,143.49126458622354,141.37863159179688,82291200
AAPL,2022-12-15,139.30547253397592,134.75442504882812,98931900
AAPL,2022-12-16,134.9420010552602,132.7898712158203,160156900
AAPL,2022-12-19,133.38219679044258,130.67723083496094,79592600
AAPL,2022-12-20,129.7097574285879,130.60812377929688,77432800
AAPL,2022-12-21,131.27946507821224,133.71788024902344,85928000
AAPL,2022-12-22,132.63196256739838,130.5390625,77852100
AAPL,2022-12-23,129.24581575552057,130.17379760742188,63814900
AAPL,2022-12-27,129.6999298536339,128.3671875,69007800
AAPL,2022-12-28,128.01178441919723,124.42820739746094,85438400
AAPL,2022-12-29,126.35327411707951,127.95256042480469,75703700
AAPL,2022-12-30,126.76789648243701,128.26844787597656,77034200
AAPL,2023-01-03,128.6139854814398,123.47061157226562,112117500
AAPL,2023-01-04,125.26734659008874,124.74412536621094,89113600
AAPL,2023-01-05,125.50427521319664,123.42125701904297,80962700
AAPL,2023-01-06,124.3985891287467,127.96241760253906,87754700
AAPL,2023-01-09,128.8015412677692,128.48562622070312,70790800
AAPL,2023-01-10,128.5942214648839,129.05821228027344,63896200
AAPL,2023-01-11,129.57159828407498,131.782958984375,69458900
AAPL,2023-01-12,132.1679704181571,131.7039794921875,71379600
AAPL,2023-01-13,130.34161256817276,133.0366973876953,57809700
AAPL,2023-01-17,133.10580835372033,134.2016143798828,63646600
AAPL,2023-01-18,135.0703691429246,133.48095703125,69672800
AAPL,2023-01-19,132.3653916580124,133.54017639160156,58280400
AAPL,2023-01-20,133.55004278165805,136.10691833496094,80223600
AAPL,2023-01-23,136.3537266947968,139.3054962158203,81760300
AAPL,2023-01-24,138.5157093840139,140.7073211669922,66435100
AAPL,2023-01-25,139.0883167228264,140.04591369628906,65799300
AAPL,2023-01-26,141.3391279655153,142.11903381347656,54105100
AAPL,2023-01-27,141.3292912944412,144.06385803222656,70555800
AAPL,2023-01-30,143.1062524963994,141.1713104248047,64015300
AAPL,2023-01-31,140.87517571941848,142.44483947753906,65874500
AAPL,2023-02-01,142.1289453100569,143.5702667236328,77663600
AAPL,2023-02-02,146.9958815985471,148.89134216308594,118339000
AAPL,2023-02-03,146.13699831650217,152.52426147460938,154357300
AAPL,2023-02-06,150.61895772492184,149.78968811035156,69858300
AAPL,2023-02-07,148.71364771535568,152.67236328125,83322600
AAPL,2023-02-08,151.91220679965525,149.97726440429688,64120100
AAPL,2023-02-09,151.81347999768036,148.94068908691406,56007100
AAPL,2023-02-10,147.77400037597405,149.30650329589844,57450700
AAPL,2023-02-13,149.24719136406156,152.11448669433594,62199000
AAPL,2023-02-14,150.40396789568928,151.47178649902344,61707600
AAPL,2023-02-15,151.38281594677636,153.57777404785156,65573800
AAPL,2023-02-16,151.77831825822219,151.97607421875,68167900
AAPL,2023-02-17,150.63143695396278,150.8291778564453,59144100
AAPL,2023-02-21,148.50563686680903,146.80503845214844,58867200
AAPL,2023-02-22,147.19065212608928,147.23020935058594,51011300
AAPL,2023-02-23,148.3968793904493,147.71466064453125,48394200
AAPL,2023-02-24,145.4505202010405,145.05503845214844,55469600
AAPL,2023-02-27,146.04378113773683,146.25140380859375,44998500
AAPL,2023-02-28,145.39119175781394,145.74713134765625,50547000
AAPL,2023-03-01,145.1736799451875,143.6708221435547,55479000
AAPL,2023-03-02,142.75132894674115,144.26406860351562,52238100
AAPL,2023-03-03,146.3700024688502,149.32627868652344,70732300
AAPL,2023-03-06,152.05516933291133,152.0947265625,87558000
AAPL,2023-03-07,151.96614820893737,149.8898468017578,56182000
AAPL,2023-03-08,151.08623282941613,151.1455535888672,47204800
AAPL,2023-03-09,151.8277639907766,148.89126586914062,53833600
AAPL,2023-03-10,148.51554589298388,146.8248291015625,68572400
AAPL,2023-03-13,146.1426162263365,148.77261352539062,84457100
AAPL,2023-03-14,149.57347804705336,150.8686981201172,73695900
AAPL,2023-03-15,149.4844625281262,151.26416015625,77167900
AAPL,2023-03-16,150.443542077547,154.0919189453125,76161100
AAPL,2023-03-17,154.31931404263202,153.25149536132812,98944600
AAPL,2023-03-20,153.32071734921686,155.62442016601562,73641400
AAPL,2023-03-21,155.54531880235135,157.4832000732422,73938300
AAPL,2023-03-22,157.50297904673437,156.049560546875,75701800
AAPL,2023-03-23,157.03826787211608,157.1371307373047,67622100
AAPL,2023-03-24,157.06797183296018,158.44229125976562,59196500
AAPL,2023-03-27,158.13578467553296,156.4945068359375,52390300
AAPL,2023-03-28,156.1879947191645,155.87159729003906,45992200
AAPL,2023-03-29,157.57218957153339,158.95640563964844,51305700
AAPL,2023-03-30,159.70784921727477,160.5284881591797,49501700
AAPL,2023-03-31,160.60759915912635,163.0398406982422,68749800
AAPL,2023-04-03,162.41695595857647,164.29551696777344,56976200
AAPL,2023-04-04,164.72065569074036,163.7615966796875,46278300
AAPL,2023-04-05,162.88161441725998,161.91265869140625,51511700
AAPL,2023-04-06,160.59766588857192,162.80252075195312,45390100
AAPL,2023-04-10,159.59907481013732,160.2021942138672,47716900
AAPL,2023-04-11,160.5186174915291,158.98609924316406,47644200
AAPL,2023-04-12,159.40133668736163,158.29397583007812,50133100
AAPL,2023-04-13,159.80670788317548,163.69236755371094,68445600
AAPL,2023-04-14,162.73332768738865,163.34634399414062,49386500
AAPL,2023-04-17,163.2276687659828,163.3660888671875,41516200
AAPL,2023-04-18,164.2263111895451,164.59213256835938,49923000
AAPL,2023-04-19,163.92968580784367,165.73904418945312,47720200
AAPL,2023-04-20,164.21640012100644,164.77008056640625,52456400
AAPL,2023-04-21,163.18813815793777,163.15847778320312,58337300
AAPL,2023-04-24,163.13870186497232,163.46498107910156,41949600
AAPL,2023-04-25,163.32655661191464,161.92257690429688,48714100
AAPL,2023-04-26,161.2205582348382,161.91265869140625,45498800
AAPL,2023-04-27,163.32656095584278,166.51023864746094,64902300
AAPL,2023-04-28,166.589321099478,167.76588439941406,55209200
AAPL,2023-05-01,167.37042504765017,167.6769256591797,52472900
AAPL,2023-05-02,168.17131233528283,166.6387939453125,48425700
AAPL,2023-05-03,167.58795896994013,165.5610809326172,65136000
AAPL,2023-05-04,163.02995828643287,163.9197998046875,81235400
AAPL,2023-05-05,169.05123536921852,171.61203002929688,113316400
AAPL,2023-05-08,170.53430297922057,171.5428009033203,55962800
AAPL,2023-05-09,171.09788068478838,169.8323211669922,45326900
AAPL,2023-05-10,171.0682556897458,171.60215759277344,53724500
AAPL,2023-05-11,171.88885599180736,171.78997802734375,49514700
AAPL,2023-05-12,171.89889318697968,170.85931396484375,45497800
AAPL,2023-05-15,171.44347960387887,170.36428833007812,37266700
AAPL,2023-05-16,170.28507955206572,170.36428833007812,42110300
AAPL,2023-05-17,170.00783790944186,170.97811889648438,57951600
AAPL,2023-05-18,171.28503138533677,173.31471252441406,65496700
AAPL,2023-05-19,174.64144781679403,173.42364501953125,55772400
AAPL,2023-05-22,172.25532419255816,172.47314453125,43570900
AAPL,2023-05-23,171.41375772100255,169.85931396484375,50747300
AAPL,2023-05-24,169.39397044171028,170.13653564453125,45143500
AAPL,2023-05-25,170.70090944955888,171.27516174316406,56058300
AAPL,2023-05-26,171.60187949980389,173.69094848632812,54835000
AAPL,2023-05-30,175.20579349606086,175.54241943359375,55964400
AAPL,2023-05-31,175.57212869440465,175.492919921875,99625300
AAPL,2023-06-01,175.9384564736909,178.3047637939453,68901800
AAPL,2023-06-02,179.2354282464183,179.15621948242188,61945900
AAPL,2023-06-05,180.81957270938136,177.7998046875,121946500
AAPL,2023-06-06,178.18596289670575,177.43350219726562,64848400
AAPL,2023-06-07,176.67111530134713,176.05726623535156,61944600
AAPL,2023-06-08,176.1364534617516,178.77999877929688,50214900
AAPL,2023-06-09,179.70079329510486,179.16615295410156,48870700
AAPL,2023-06-12,179.4730552624109,181.9680633544922,54274900
AAPL,2023-06-13,180.98790470199526,181.4928436279297,54929100
AAPL,2023-06-14,181.5522431050323,182.12649536132812,57462900
AAPL,2023-06-15,182.1364405859263,184.16610717773438,65433200
AAPL,2023-06-16,184.87895397960628,183.08689880371094,101235600
AAPL,2023-06-20,182.5819517231594,183.17599487304688,49799100
AAPL,2023-06-21,183.06709801295077,182.1364288330078,49515700
AAPL,2023-06-22,181.91859254012144,185.14627075195312,51245300
AAPL,2023-06-23,183.71064919871634,184.82943725585938,53079300
AAPL,2023-06-26,184.97797462018883,183.43344116210938,48088700
AAPL,2023-06-27,184.04725298888982,186.19573974609375,50730800
AAPL,2023-06-28,186.0670251747448,187.3739471435547,51216800
AAPL,2023-06-29,187.20561719225614,187.71055603027344,46347300
AAPL,2023-06-30,189.7303801784341,192.04718017578125,85069600
AAPL,2023-07-03,191.85904618822673,190.55213928222656,31458200
AAPL,2023-07-05,189.67094537484306,189.43331909179688,46920300
AAPL,2023-07-06,187.95811200082892,189.90858459472656,45094300
AAPL,2023-07-07,189.51255404191053,188.78977966308594,46778000
AAPL,2023-07-10,187.38384586798722,186.74029541015625,59922200
AAPL,2023-07-11,187.28487201023415,186.215576171875,46638100
AAPL,2023-07-12,187.79967464320742,187.8887939453125,60750200
AAPL,2023-07-13,188.61155673528532,188.65115356445312,41342300
AAPL,2023-07-14,188.34422075160825,188.79966735839844,41573900
AAPL,2023-07-17,189.99766254560217,192.06695556640625,50520200
AAPL,2023-07-18,191.433317028607,191.80953979492188,48353800
AAPL,2023-07-19,191.18579595006162,193.1659698486328,80507300
AAPL,2023-07-20,193.1560464503255,191.21548461914062,59581200
AAPL,2023-07-21,192.17588392818155,190.03729248046875,71917800
AAPL,2023-07-24,191.49274025459553,190.8392791748047,45377800
AAPL,2023-07-25,191.4135192381226,191.7006378173828,37283200
AAPL,2023-07-26,191.75014067908202,192.57191467285156,47471900
AAPL,2023-07-27,194.07684234558644,191.30459594726562,47460200
AAPL,2023-07-28,192.74024356896163,193.8887481689453,48291400
AAPL,2023-07-31,194.11644542830032,194.50257873535156,38824100
AAPL,2023-08-01,194.29468863259882,193.67092895507812,35175100
AAPL,2023-08-02,193.10656507331342,190.67095947265625,50389300
AAPL,2023-08-03,189.67099202259732,189.2749481201172,61235200
AAPL,2023-08-04,183.68094960257173,180.18594360351562,115799700
AAPL,2023-08-07,180.32455640774955,177.0770721435547,97576100
AAPL,2023-08-08,177.9087289898081,178.01763916015625,67823000
AAPL,2023-08-09,179.07702506576103,176.42359924316406,60378500
AAPL,2023-08-10,177.70080592181807,176.20578002929688,54686900
AAPL,2023-08-11,175.7993186650753,176.26527404785156,51988100
AAPL,2023-08-14,176.44371711975322,177.9209442138672,43675600
AAPL,2023-08-15,177.34592099472832,175.9281768798828,43622600
AAPL,2023-08-16,175.61092006059548,175.05572509765625,46964900
AAPL,2023-08-17,175.6208528452633,172.50778198242188,66062900
AAPL,2023-08-18,170.82234004167174,172.99356079101562,61114200
AAPL,2023-08-21,173.56859991663836,174.3319854736328,46311900
AAPL,2023-08-22,175.5415274877659,175.71006774902344,42084200
AAPL,2023-08-23,176.98903312238062,179.5667266845703,52722800
AAPL,2023-08-24,179.12057292485625,174.86737060546875,54945800
AAPL,2023-08-25,175.85879974601767,177.0782470703125,51449600
AAPL,2023-08-28,178.54553539179292,178.64468383789062,43820700
AAPL,2023-08-29,178.15889276911417,182.54098510742188,53003900
AAPL,2023-08-30,183.35395983897268,186.04071044921875,60813900
AAPL,2023-08-31,186.22907807070516,186.25881958007812,60794500
AAPL,2023-09-01,187.86493132785435,187.83518981933594,45732600
AAPL,2023-09-05,186.66529992482816,188.0731201171875,45280000
AAPL,2023-09-06,186.7842777718091,181.34136962890625,81755800
AAPL,2023-09-07,173.67765269377628,176.03724670410156,112488800
AAPL,2023-09-08,176.82047189213844,176.65191650390625,65551300
AAPL,2023-09-11,178.52571023294755,177.82179260253906,58953100
AAPL,2023-09-12,177.95070042200115,174.78805541992188,90370200
AAPL,2023-09-13,174.99623588192003,172.71597290039062,84267900
AAPL,2023-09-14,172.5077962303134,174.23287963867188,60895800
AAPL,2023-09-15,174.96648860625493,173.50909423828125,109205100
AAPL,2023-09-18,174.9665135519817,176.44374084472656,67257600
AAPL,2023-09-19,175.99757641576028,177.53428649902344,51826900
AAPL,2023-09-20,177.7226737290678,173.98501586914062,58436200
AAPL,2023-09-21,173.0530629204369,172.43836975097656,63047900
AAPL,2023-09-22,173.17203432298646,173.29100036621094,56725400
AAPL,2023-09-25,172.7060340664089,174.56991577148438,46172700
AAPL,2023-09-26,173.32074847329434,170.4852752685547,64588900
AAPL,2023-09-27,171.13960475321795,168.9683837890625,66921800
AAPL,2023-09-28,167.88770703784505,169.22613525390625,56294400
AAPL,2023-09-29,170.54475018871184,169.74169921875,51814200
AAPL,2023-10-02,169.75161672914737,172.25991821289062,52164500
AAPL,2023-10-03,170.78269477378157,170.92149353027344,49594600
AAPL,2023-10-04,169.62273306372262,172.1707000732422,53020300
AAPL,2023-10-05,172.29956799243436,173.40997314453125,48527900
AAPL,2023-10-06,172.30947784007347,175.96783447265625,57224100
AAPL,2023-10-09,175.29365932051672,177.45497131347656,42390800
AAPL,2023-10-10,176.57261638357625,176.86012268066406,43698000
AAPL,2023-10-11,176.6717569025772,178.25804138183594,47551100
AAPL,2023-10-12,178.52573701205876,179.16024780273438,56743100
AAPL,2023-10-13,179.8641290223829,177.31617736816406,51427100
AAPL,2023-10-16,175.23418002024147,177.18728637695312,52517000
AAPL,2023-10-17,175.135025356181,175.6307373046875,57549400
AAPL,2023-10-18,174.07422069011992,174.3319854736328,54764400
AAPL,2023-10-19,174.53027383635083,173.95526123046875,59302900
AAPL,2023-10-20,173.80653768363138,171.3973846435547,64189300
AAPL,2023-10-23,169.44425467817877,171.51632690429688,55980100
AAPL,2023-10-24,171.56592094062157,171.95257568359375,43816600
AAPL,2023-10-25,170.40595412753765,169.6326446533203,57157000
AAPL,2023-10-26,168.90890687614655,165.45875549316406,70625300
AAPL,2023-10-27,165.4785656118454,166.77732849121094,58499100
AAPL,2023-10-30,167.57047708446643,168.82957458496094,51131000
AAPL,2023-10-31,167.89766069037708,169.30548095703125,44846000
AAPL,2023-11-01,169.5334969755198,172.47802734375,56934900
AAPL,2023-11-02,174.0147276321476,176.04714965820312,77334800
AAPL,2023-11-03,172.74570493436423,175.13502502441406,79763700
AAPL,2023-11-06,174.86738260141615,177.69293212890625,63841300
AAPL,2023-11-07,177.64332285545842,180.2606964111328,70530000
AAPL,2023-11-08,180.78617090399572,181.321533203125,49340300
AAPL,2023-11-09,181.39094357988108,180.8456573486328,53763500
AAPL,2023-11-10,182.63256439705196,185.04489135742188,66133400
AAPL,2023-11-13,184.46911666550656,183.45652770996094,43627500
AAPL,2023-11-14,186.33543591459554,186.07733154296875,60108400
AAPL,2023-11-15,186.4843631662735,186.6431884765625,53790500
AAPL,2023-11-16,188.191859451107,188.33084106445312,54412900
AAPL,2023-11-17,188.8669158544037,188.3109893798828,50922700
AAPL,2023-11-20,188.50951003765908,190.05816650390625,46505100
AAPL,2023-11-21,190.0184652287441,189.25405883789062,38134500
AAPL,2023-11-22,190.09788874466753,189.919189453125,39617700
AAPL,2023-11-24,189.48239453680722,188.5889434814453,24048300
AAPL,2023-11-27,188.53929229982836,188.4102325439453,40552600
AAPL,2023-11-28,188.4003202806091,189.01580810546875,38415400
AAPL,2023-11-29,189.51216190888897,187.9932861328125,43014200
AAPL,2023-11-30,188.45989087281944,188.569091796875,48794400
AAPL,2023-12-01,188.94632812953898,189.84971618652344,45679300
AAPL,2023-12-04,188.59886103241988,188.0528564453125,43389500
AAPL,2023-12-05,188.82721483361496,192.0138702392578,66628400
AAPL,2023-12-06,193.03636454966008,190.92185974121094,41089700
AAPL,2023-12-07,192.22233461466143,192.85768127441406,47477700
AAPL,2023-12-08,192.78816888710017,194.28720092773438,53377300
AAPL,2023-12-11,191.70612101402028,191.77560424804688,60943700
AAPL,2023-12-12,191.67632450221151,193.2944793701172,52696900
AAPL,2023-12-13,193.67172809287342,196.5208740234375,70404200
AAPL,2023-12-14,196.58042720970235,196.66976928710938,66831600
AAPL,2023-12-15,196.09397982207716,196.13369750976562,128256700
AAPL,2023-12-18,194.6644701434888,194.46592712402344,55751900
AAPL,2023-12-19,194.73392679143802,195.5082550048828,40714100
AAPL,2023-12-20,195.46857898207327,193.41363525390625,52242800
AAPL,2023-12-21,194.674384326953,193.2646942138672,46482500
AAPL,2023-12-22,193.7610508645393,192.1925506591797,37122800
AAPL,2023-12-26,192.20247183256527,191.64654541015625,28919300
AAPL,2023-12-27,191.09062871652011,191.74581909179688,48087700
AAPL,2023-12-28,192.72862541967714,192.17269897460938,34049900
AAPL,2023-12-29,192.49037607711168,191.13034057617188,42628800
AAPL,2024-01-02,185.78945295661444,184.29043579101562,82488700
AAPL,2024-01-03,182.88074176951616,182.9105224609375,58414500
AAPL,2024-01-04,180.82578520690032,180.58753967285156,71983600
AAPL,2024-01-05,180.66696287937032,179.8628387451172,62303300
AAPL,2024-01-08,180.76623878240164,184.2110137939453,59144500
AAPL,2024-01-09,182.58292017691045,183.79405212402344,42841800
AAPL,2024-01-10,183.0098210810569,184.83644104003906,46792900
AAPL,2024-01-11,185.1838742981323,184.24078369140625,49128400
AAPL,2024-01-12,184.7073562390581,184.56837463378906,40444700
AAPL,2024-01-16,180.83571426310817,182.29502868652344,65603000
AAPL,2024-01-17,179.95219077216925,181.3519287109375,47317400
AAPL,2024-01-18,184.73713933247967,187.25868225097656,78005800
AAPL,2024-01-19,187.9535897974558,190.16737365722656,68741000
AAPL,2024-01-22,190.90200101096366,192.48043823242188,60133900
AAPL,2024-01-23,193.60226780364945,193.76109313964844,42355600
AAPL,2024-01-24,193.9993237123997,193.0860137939453,53631300
AAPL,2024-01-25,193.80076191791213,192.75839233398438,54822100
AAPL,2024-01-26,192.85767485186383,191.0211181640625,44594000
AAPL,2024-01-29,190.614099077556,190.3361358642578,47145600
AAPL,2024-01-30,189.5518847070131,186.67295837402344,55859400
AAPL,2024-01-31,185.68022448739953,183.05941772460938,55467800
AAPL,2024-02-01,182.6524106894615,185.5015411376953,64885400
AAPL,2024-02-02,178.55244241438749,184.4989013671875,102518000
AAPL,2024-02-05,186.7821513481828,186.31556701660156,69668800
AAPL,2024-02-06,185.50154897397763,187.92381286621094,43490800
AAPL,2024-02-07,189.2540738540102,188.03302001953125,53439000
AAPL,2024-02-08,188.0131563419714,186.95094299316406,40962000
AAPL,2024-02-09,187.5175123353768,187.71632385253906,45155200
AAPL,2024-02-12,187.28888476363343,186.02650451660156,41781900
AAPL,2024-02-13,184.6547973151463,183.92916870117188,56529500
AAPL,2024-02-14,184.20749952407863,183.0445098876953,54630500
AAPL,2024-02-15,182.4481195157763,182.75625610351562,65434500
AAPL,2024-02-16,182.31891336045317,181.215576171875,49701400
AAPL,2024-02-20,180.69867728023533,180.47006225585938,53665600
AAPL,2024-02-21,180.84778599399235,181.2255096435547,41529700
AAPL,2024-02-22,182.3785574262725,183.26321411132812,52292200
AAPL,2024-02-23,183.89935895257477,181.42431640625,45119700
AAPL,2024-02-26,181.1459977034405,180.07247924804688,40867400
AAPL,2024-02-27,180.01283169575817,181.5336456298828,54318900
AAPL,2024-02-28,181.4143549983027,180.33090209960938,48953900
AAPL,2024-02-29,180.1818301671186,179.66494750976562,136682600
AAPL,2024-03-01,178.47214167082092,178.58148193359375,73488000
AAPL,2024-03-04,175.09254322615726,174.04885864257812,81510100
AAPL,2024-03-05,169.73489700267342,169.09873962402344,95132400
AAPL,2024-03-06,170.03309257401145,168.104736328125,68587700
AAPL,2024-03-07,168.13456709874717,167.9854736328125,71765100
AAPL,2024-03-08,167.9854678195768,169.705078125,76114600
AAPL,2024-03-11,171.90181348381185,171.71295166015625,60139500
AAPL,2024-03-12,172.1105571632911,172.19007873535156,59825400
AAPL,2024-03-13,171.7328613388464,170.1027069091797,52488700
AAPL,2024-03-14,171.87198497095238,171.96144104003906,72913500
AAPL,2024-03-15,170.14244776104985,171.583740234375,121664700
AAPL,2024-03-18,174.51605499918875,172.67715454101562,75604200
AAPL,2024-03-19,173.2933894169356,175.02294921875,55215200
AAPL,2024-03-20,174.66512448913912,177.597412109375,53423100
AAPL,2024-03-21,175.98714219427453,170.3412322998047,106181300
AAPL,2024-03-22,170.7289059277682,171.24578857421875,71106600
AAPL,2024-03-25,169.54605342761408,169.82437133789062,54288300
AAPL,2024-03-26,168.97946029150032,168.6912078857422,57388400
AAPL,2024-03-27,169.38702247981306,172.2696075439453,60273300
AAPL,2024-03-28,170.7189448975998,170.4505615234375,65672700
AAPL,2024-04-01,170.16233265286536,169.00929260253906,46240500
AAPL,2024-04-02,168.06498070773253,167.826416015625,49329500
AAPL,2024-04-03,167.7767233727702,168.63156127929688,47691700
AAPL,2024-04-04,169.2677258236611,167.8065643310547,53704400
AAPL,2024-04-05,168.5719309687928,168.56199645996094,42055200
AAPL,2024-04-08,168.01530178433154,167.43878173828125,37425500
AAPL,2024-04-09,167.68726532493085,168.6514434814453,42451200
AAPL,2024-04-10,167.78667770328389,166.77279663085938,49709300
AAPL,2024-04-11,167.32942111379162,173.98919677734375,91070300
AAPL,2024-04-12,173.2139117167825,175.49017333984375,101593300
AAPL,2024-04-15,174.30730560539226,171.65333557128906,73531800
AAPL,2024-04-16,170.71895735574867,168.36318969726562,73711200
AAPL,2024-04-17,168.59180586766368,166.99147033691406,50901200
AAPL,2024-04-18,167.02129381245496,166.0372314453125,43122900
AAPL,2024-04-19,165.21221853676252,164.0094757080078,67772100
AAPL,2024-04-22,164.52635030592455,164.84442138671875,48116400
AAPL,2024-04-23,164.3573882766078,165.8980712890625,49537800
AAPL,2024-04-24,165.540232667877,168.00535583496094,48251800
AAPL,2024-04-25,168.51229295621184,168.87013244628906,50558300
AAPL,2024-04-26,168.86018085141623,168.28366088867188,44838400
AAPL,2024-04-29,172.32921062839307,172.45843505859375,68169400
AAPL,2024-04-30,172.28947031289857,169.30747985839844,65934800
AAPL,2024-05-01,168.56197877866052,168.28366088867188,50383100
AAPL,2024-05-02,171.47440458209337,171.9912872314453,94214900
AAPL,2024-05-03,185.52950301417593,182.27914428710938,163224100
AAPL,2024-05-06,181.2553285088154,180.61917114257812,78569700
AAPL,2024-05-07,182.34872294128857,181.30502319335938,77305800
AAPL,2024-05-08,181.75233037266264,181.6429901123047,45057100
AAPL,2024-05-09,181.46406224266897,183.46200561523438,48983000
AAPL,2024-05-10,184.0393164696827,182.19793701171875,50759500
AAPL,2024-05-13,184.57678612826817,185.41287231445312,72044800
AAPL,2024-05-14,186.63713980034996,186.55751037597656,52393600
AAPL,2024-05-15,187.03529613574696,188.8368682861328,70400000
AAPL,2024-05-16,189.58338637309936,188.95631408691406,52845200
AAPL,2024-05-17,188.62785068172937,188.98617553710938,41282900
AAPL,2024-05-20,188.44869465688268,190.15072631835938,44361300
AAPL,2024-05-21,190.20049107683238,191.4546356201172,42309400
AAPL,2024-05-22,191.37500087150013,190.01136779785156,34648500
AAPL,2024-05-23,190.09100720719516,186.01010131835938,51005900
AAPL,2024-05-24,187.94106857836448,189.0956573486328,36294600
AAPL,2024-05-28,190.61851957640835,189.10560607910156,52280100
AAPL,2024-05-29,188.7273931739324,189.4042205810547,53068000
AAPL,2024-05-30,189.8720349370489,190.39956665039062,49947900
AAPL,2024-05-31,190.5488754083416,191.3551025390625,75158300
AAPL,2024-06-03,192.0020557606219,193.12680053710938,50080500
AAPL,2024-06-04,193.7339558758535,193.4453125,47471400
AAPL,2024-06-05,194.49042328995185,194.95823669433594,54156800
AAPL,2024-06-06,194.77909661517052,193.57472229003906,41181800
AAPL,2024-06-07,193.7439169991778,195.97349548339844,53103900
AAPL,2024-06-10,195.98342648408087,192.2210235595703,97262100
AAPL,2024-06-11,192.74857122232135,206.18572998046875,172373300
AAPL,2024-06-12,206.40472171133436,212.0782012939453,198134300
AAPL,2024-06-13,213.74042465409653,213.2427520751953,97862700
AAPL,2024-06-14,212.8545395919822,211.50086975097656,70122700
AAPL,2024-06-17,212.37678083551464,215.6614227294922,93728300
AAPL,2024-06-18,216.5771221156608,213.29248046875,79943300
AAPL,2024-06-20,212.93416556238657,208.70394897460938,86172500
AAPL,2024-06-21,209.41066477171813,206.524169921875,246421400
AAPL,2024-06-24,206.75308420226276,207.17112731933594,80727000
AAPL,2024-06-25,208.1764159984445,208.0968017578125,56713900
AAPL,2024-06-26,210.51548557795786,212.25733947753906,66213200
AAPL,2024-06-27,213.69065882378794,213.10340881347656,49772700
AAPL,2024-06-28,214.76560832661605,209.6395721435547,82542700
AAPL,2024-07-01,211.10273143743845,215.7410430908203,60402900
AAPL,2024-07-02,215.1438424446849,219.2446746826172,58046200
AAPL,2024-07-03,218.97593450353426,220.5187225341797,37369800
AAPL,2024-07-05,220.618221554563,225.28639221191406,60412400
AAPL,2024-07-08,226.03290864697604,226.759521484375,59085900
AAPL,2024-07-09,226.86898500321237,227.61549377441406,48076100
AAPL,2024-07-10,228.23264496613547,231.8955078125,62627700
AAPL,2024-07-11,230.3128913597033,226.51068115234375,64710600
AAPL,2024-07-12,227.8544036714271,229.46685791015625,53046500
AAPL,2024-07-15,235.37920328245679,233.3088836669922,62631300
AAPL,2024-07-16,233.90608352734432,233.7269287109375,43234300
AAPL,2024-07-17,228.38192926123955,227.81459045410156,57345900
AAPL,2024-07-18,229.20805491946456,223.13644409179688,66034600
AAPL,2024-07-19,223.77348959602472,223.26585388183594,49151500
AAPL,2024-07-22,225.9532706718539,222.91748046875,48201800
AAPL,2024-07-23,223.32558043665784,223.9626007080078,39960300
AAPL,2024-07-24,222.9572958470105,217.522705078125,61777600
AAPL,2024-07-25,217.91088420998827,216.47760009765625,51391200
AAPL,2024-07-26,217.6819649471348,216.94541931152344,41601300
AAPL,2024-07-29,215.95008057489312,217.22412109375,36311800
AAPL,2024-07-30,218.16969337819762,217.78150939941406,41643800
AAPL,2024-07-31,220.40921389598267,221.04623413085938,50036300
AAPL,2024-08-01,223.3255700813178,217.3435516357422,62501000
AAPL,2024-08-02,218.1298614428512,218.83656311035156,105568600
AAPL,2024-08-05,198.16323265092018,208.2958526611328,119548600
AAPL,2024-08-06,204.3443568031922,206.26536560058594,69660500
AAPL,2024-08-07,205.93688655864335,208.8433074951172,63516400
AAPL,2024-08-08,212.1179811495676,212.31704711914062,47161100
AAPL,2024-08-09,211.11270086651854,215.23342895507812,42201600
AAPL,2024-08-12,215.31314332730477,216.7680206298828,38028100
AAPL,2024-08-13,218.2428558389481,220.4949493408203,44155300
AAPL,2024-08-14,219.7973785028084,220.94334411621094,41960600
AAPL,2024-08-15,223.81327127421198,223.93284606933594,46414000
AAPL,2024-08-16,223.1356500786779,225.25819396972656,44340200
AAPL,2024-08-19,224.92935218120843,225.0987548828125,40687800
AAPL,2024-08-20,224.9791698204466,225.71656799316406,30299000
AAPL,2024-08-21,225.7265541171402,225.60696411132812,34765500
AAPL,2024-08-22,226.9920749311584,223.74349975585938,43695300
AAPL,2024-08-23,224.86956599566977,226.04542541503906,38677300
AAPL,2024-08-26,225.96568932825608,226.38421630859375,30602200
AAPL,2024-08-27,225.20835892301574,227.2312469482422,35934600
AAPL,2024-08-28,227.12163896438045,225.6966552734375,38052200
AAPL,2024-08-29,229.29401907737392,228.98509216308594,51906300
AAPL,2024-08-30,229.38367949051207,228.19784545898438,52990800
AAPL,2024-09-03,227.74943764667495,221.98968505859375,50190600
AAPL,2024-09-04,220.88357632692316,220.076416015625,43840200
AAPL,2024-09-05,220.85368603716802,221.60105895996094,36615400
AAPL,2024-09-06,223.16553454066073,220.0465087890625,48423000
AAPL,2024-09-09,220.04653410508755,220.13621520996094,67180000
AAPL,2024-09-10,218.15315521125123,219.3389892578125,51591000
AAPL,2024-09-11,220.6842723421212,221.88006591796875,44587100
AAPL,2024-09-12,221.7206265576352,221.98968505859375,37498200
AAPL,2024-09-13,222.79683029802118,221.72061157226562,36766600
AAPL,2024-09-16,215.78148650258865,215.56227111816406,59357400
AAPL,2024-09-17,214.99427397716522,216.03062438964844,45519300
AAPL,2024-09-18,216.78794613986932,219.9169464111328,59894900
AAPL,2024-09-19,224.20191472936153,228.0683135986328,66781300
AAPL,2024-09-20,229.16446964119802,227.40066528320312,318679900
AAPL,2024-09-23,226.54365969576136,225.6767120361328,54146000
AAPL,2024-09-24,227.8490778167103,226.5735626220703,43556100
AAPL,2024-09-25,224.1420985437932,225.57705688476562,42308700
AAPL,2024-09-26,226.50382237250227,226.72305297851562,36636700
AAPL,2024-09-27,227.6597471643239,226.99208068847656,34026000
AAPL,2024-09-30,229.234199611622,232.183837890625,54541900
AAPL,2024-10-01,228.71603627902877,225.41763305664062,63285000
AAPL,2024-10-02,225.09874435066007,225.98562622070312,32880600
AAPL,2024-10-03,224.35137431302277,224.8795166015625,34044200
AAPL,2024-10-04,227.1017072618697,226.0055694580078,37245100
AAPL,2024-10-07,223.71363756752507,220.91348266601562,39505400
AAPL,2024-10-08,223.51431968732726,224.9791717529297,31855700
AAPL,2024-10-09,224.4410763624789,228.73597717285156,33591100
AAPL,2024-10-10,226.98212047614993,228.23770141601562,28183500
AAPL,2024-10-11,228.4968150773993,226.75294494628906,31759200
AAPL,2024-10-14,227.89890830734765,230.48980712890625,39882100
AAPL,2024-10-15,232.79170373632726,233.03086853027344,64751400
AAPL,2024-10-16,230.7887621886474,230.96812438964844,34082200
AAPL,2024-10-17,232.6123377292532,231.33682250976562,32993800
AAPL,2024-10-18,235.35270879965356,234.17684936523438,46431500
AAPL,2024-10-21,233.62876897482323,235.6516571044922,36254500
AAPL,2024-10-22,233.07072804715946,235.03382873535156,38846600
AAPL,2024-10-23,233.26006870913344,229.95169067382812,52287000
AAPL,2024-10-24,229.17441473320775,229.76235961914062,31109500
AAPL,2024-10-25,228.935262581316,230.5994110107422,38802300
AAPL,2024-10-28,232.50273684103132,232.5824432373047,36087100
AAPL,2024-10-29,232.28350596136286,232.85150146484375,35417200
AAPL,2024-10-30,231.79520878623467,229.29400634765625,47070900
AAPL,2024-10-31,228.53666090957242,225.11868286132812,64370100
AAPL,2024-11-01,220.1959891516409,222.1291961669922,65276700
AAPL,2024-11-04,220.21591416091667,221.23233032226562,44944500
AAPL,2024-11-05,221.02308305755813,222.66729736328125,28111300
AAPL,2024-11-06,221.83023455712816,221.93984985351562,54561100
AAPL,2024-11-07,223.8431738287627,226.6831817626953,42137700
AAPL,2024-11-08,226.6233197345054,226.41383361816406,38328800
AAPL,2024-11-11,224.4585504714927,223.69039916992188,42005600
AAPL,2024-11-12,224.00963641496367,223.69039916992188,40398300
AAPL,2024-11-13,223.47093284409854,224.57826232910156,48566200
AAPL,2024-11-14,224.47851048945301,227.67080688476562,44923900
AAPL,2024-11-15,225.8551667084814,224.4585418701172,47923700
AAPL,2024-11-18,224.70794459457642,227.47128295898438,44686000
AAPL,2024-11-19,226.43377721041003,227.73065185546875,36211800
AAPL,2024-11-20,227.51117324017346,228.44891357421875,35169600
AAPL,2024-11-21,228.3292117939797,227.97007751464844,42108300
AAPL,2024-11-22,227.51117639639193,229.3168182373047,38168300
AAPL,2024-11-25,230.9030055193102,232.30960083007812,90152800
AAPL,2024-11-26,232.76849125195545,234.49432373046875,45986200
AAPL,2024-11-27,233.90577001446655,234.36465454101562,33498400
AAPL,2024-11-29,234.24494059041535,236.75888061523438,28481400
AAPL,2024-12-02,236.69901868412032,239.013427734375,48137100
AAPL,2024-12-03,239.232908507596,242.06607055664062,38861000
AAPL,2024-12-04,242.28553892887177,242.42520141601562,44383900
AAPL,2024-12-05,243.40284992887905,242.4551239013672,40033900
AAPL,2024-12-06,242.32543882662802,242.25559997558594,36870600
AAPL,2024-12-09,241.24804586880077,246.1562042236328,44649200
AAPL,2024-12-10,246.2958646584201,247.1737518310547,36914800
AAPL,2024-12-11,247.36328368802742,245.89682006835938,45205800
AAPL,2024-12-12,246.2958641332418,247.36329650878906,32777500
AAPL,2024-12-13,247.223631137632,247.5328826904297,33155300
AAPL,2024-12-16,247.3932192907539,250.4358673095703,51694800
AAPL,2024-12-17,249.47818331943677,252.8699951171875,51356400
AAPL,2024-12-18,251.55318925842403,247.4530792236328,56774100
AAPL,2024-12-19,246.90440599607692,249.1888885498047,60882300
AAPL,2024-12-20,247.44310326755718,253.87759399414062,147495300
AAPL,2024-12-23,254.15691915529422,254.6557159423828,40858800
AAPL,2024-12-24,254.87518901917565,257.57867431640625,23234700
AAPL,2024-12-26,257.56867823862046,258.39666748046875,27237100
AAPL,2024-12-27,257.20952960207876,254.9749298095703,42355300
AAPL,2024-12-30,251.62302046123375,251.5930938720703,35557500
AAPL,2024-12-31,251.8325261089863,249.8173828125,39480700
AAPL,2025-01-02,248.3309608077005,243.26319885253906,55740700
AAPL,2025-01-03,242.7743682861328,242.7743682861328,40244100
AAPL,2025-01-06,243.72207367593157,244.41041564941406,45045600
AAPL,2025-01-07,242.3952722906863,241.62713623046875,40856000
AAPL,2025-01-08,241.33781457710975,242.11593627929688,37628900
AAPL,2025-01-10,239.4324132245663,236.280029296875,61710900
AAPL,2025-01-13,232.96802072299363,233.83592224121094,49630700
AAPL,2025-01-14,234.1850763475817,232.71861267089844,39435300
AAPL,2025-01-15,234.07533889356793,237.2975616455078,39832000
AAPL,2025-01-16,236.77883010316478,227.710693359375,71759100
AAPL,2025-01-17,231.5614090278119,229.4265594482422,68488300
AAPL,2025-01-21,223.46094530610958,222.10421752929688,98070400
AAPL,2025-01-22,219.26106511921876,223.29135131835938,64126500
AAPL,2025-01-23,224.19918327232872,223.1217803955078,60234800
AAPL,2025-01-24,224.23906824814947,222.24388122558594,54697900
AAPL,2025-01-27,223.48089669223063,229.3068389892578,94863400
AAPL,2025-01-28,230.2944737209622,237.68663024902344,75707600
AAPL,2025-01-29,233.55660081590926,238.78399658203125,45486100
AAPL,2025-01-30,238.09563705158317,237.0182342529297,55658300
AAPL,2025-01-31,246.59515764263173,235.4320831298828,101075100
AAPL,2025-02-03,229.43654993330725,227.4613037109375,73063300
AAPL,2025-02-04,226.70312948058964,232.23977661132812,45067300
AAPL,2025-02-05,227.98004730881974,231.9105682373047,39620300
AAPL,2025-02-06,230.7334042435517,232.6587677001953,29925300
AAPL,2025-02-07,232.04025529180169,227.08221435546875,39707200
AAPL,2025-02-10,229.26935130196645,227.3518524169922,33115600
AAPL,2025-02-11,227.90114370319637,232.3153533935547,53718400
AAPL,2025-02-12,230.89721134547665,236.55978393554688,45243300
AAPL,2025-02-13,236.5997394445533,241.21368408203125,53614100
AAPL,2025-02-14,240.93404435379279,244.2796630859375,40896200
AAPL,2025-02-18,243.83025306858283,244.14984130859375,48822500
AAPL,2025-02-19,244.33958470767533,244.54930114746094,32204200
AAPL,2025-02-20,244.61922281669615,245.508056640625,32316900
AAPL,2025-02-21,245.6278941258364,245.22842407226562,53197400
AAPL,2025-02-24,244.609226181644,246.77639770507812,51326400
AAPL,2025-02-25,247.67521063757022,246.71646118164062,48013300
AAPL,2025-02-26,244.01001367840516,240.0452117919922,44433600
AAPL,2025-02-27,239.09646458024955,236.98922729492188,41153600
AAPL,2025-02-28,236.63967447024518,241.5232696533203,56833400
AAPL,2025-03-03,241.47333193183624,237.71826171875,47184000
AAPL,2025-03-04,237.39870037793833,235.6210174560547,53798100
AAPL,2025-03-05,235.11168617953675,235.4312744140625,47227600
AAPL,2025-03-06,234.13297099659667,235.0218048095703,45170400
AAPL,2025-03-07,234.80209169163373,238.7569122314453,46273600
AAPL,2025-03-10,235.23152514577004,227.1820831298828,72071200
AAPL,2025-03-11,223.51689291637274,220.55078125,76137400
AAPL,2025-03-12,219.85169651198805,216.69583129882812,62547500
AAPL,2025-03-13,215.6671885752157,209.4053955078125,61368300
AAPL,2025-03-14,210.97334672214788,213.21041870117188,60107600
AAPL,2025-03-17,213.0306430192638,213.71974182128906,48073400
AAPL,2025-03-18,213.87952928252258,212.4114532470703,42432400
AAPL,2025-03-19,213.93944620866878,214.95811462402344,54385400
AAPL,2025-03-20,213.70975404736055,213.81961059570312,48862900
AAPL,2025-03-21,211.2829271905112,217.98414611816406,94127800
AAPL,2025-03-24,220.71056863168138,220.44091796875,44299500
AAPL,2025-03-25,220.48087718007702,223.45697021484375,34493600
AAPL,2025-03-26,223.21727075576553,221.2398681640625,34466100
AAPL,2025-03-27,221.1000540446544,223.5568389892578,37094800
AAPL,2025-03-28,221.3796909591809,217.6146240234375,39818600
AAPL,2025-03-31,216.72579102857173,221.83909606933594,65299300
AAPL,2025-04-01,219.5221267668628,222.897705078125,36412700
AAPL,2025-04-02,221.03016017035932,223.59678649902344,35905900
AAPL,2025-04-03,205.27081771109022,202.9239044189453,103419000
AAPL,2025-04-04,193.6360793511012,188.13330078125,125910900
AAPL,2025-04-07,176.967935484531,181.2223663330078,160466300
AAPL,2025-04-08,186.4554964395268,172.19419860839844,120859500
AAPL,2025-04-09,171.72480450043201,198.58958435058594,184395900
AAPL,2025-04-10,188.82240088513313,190.17062377929688,121880000
AAPL,2025-04-11,185.856281088865,197.89048767089844,87435900
AAPL,2025-04-14,211.1630921847052,202.25477600097656,101352900
AAPL,2025-04-15,201.59564256833872,201.87527465820312,51343900
AAPL,2025-04-16,198.10021911176236,194.0155792236328,59732400
AAPL,2025-04-17,196.94174374665747,196.72203063964844,51334300
AAPL,2025-04-21,193.01688474432112,192.9070281982422,46742500
AAPL,2025-04-22,195.8631544964882,199.47842407226562,52976400
AAPL,2025-04-23,205.7302222309065,204.33206176757812,52929200
AAPL,2025-04-24,204.62166872266098,208.09710693359375,47311000
AAPL,2025-04-25,206.0997277622984,209.00592041015625,38222300
AAPL,2025-04-28,209.72497582911666,209.8647918701172,38743100
AAPL,2025-04-29,208.41669143858087,210.9333953857422,36827600
AAPL,2025-04-30,209.02590396975114,212.22171020507812,52286500
AAPL,2025-05-01,208.80618155790114,213.04063415527344,57365700
AAPL,2025-05-02,205.82009105417706,205.08106994628906,101010600
AAPL,2025-05-05,202.83402512431957,198.62953186035156,69018500
AAPL,2025-05-06,197.9504203457911,198.25001525878906,51216500
AAPL,2025-05-07,198.90915494694545,195.99298095703125,68536700
AAPL,2025-05-08,197.46106353953903,197.2313690185547,50478900
AAPL,2025-05-09,198.739389980464,198.27000427246094,36453900
AAPL,2025-05-12,210.97000122070312,210.7899932861328,63775800
AAPL,2025-05-13,210.42999267578125,212.92999267578125,51909300
AAPL,2025-05-14,212.42999267578125,212.3300018310547,49325800
AAPL,2025-05-15,210.9499969482422,211.4499969482422,45029500
AAPL,2025-05-16,212.36000061035156,211.25999450683594,54737900
AAPL,2025-05-19,207.91000366210938,208.77999877929688,46140500
AAPL,2025-05-20,207.6699981689453,206.86000061035156,42496600
AAPL,2025-05-21,205.1699981689453,202.08999633789062,59134800